frame_id,status,capture_us,bridge_us,encode_us,publish_us,access_unit_bytes,datagrams,keyframe,native_status
0,0,6733,17935,13922,892,116805,84,1,0
1,0,199,13532,4491,528,24804,18,0,0
2,0,209,10220,4753,163,12983,10,0,0
3,0,168,9983,5491,214,15922,12,0,0
4,0,242,10300,4002,192,17955,13,0,0
5,0,210,11782,4401,143,10246,8,0,0
6,0,228,11895,4984,213,20168,15,0,0
7,0,210,11451,4508,290,14842,11,0,0
8,0,189,11317,4770,162,6844,5,0,0
9,0,206,12822,4798,219,4831,4,0,0
10,0,214,10089,4865,119,3682,3,0,0
11,0,238,12772,5030,118,4306,4,0,0
12,0,171,14176,4146,119,1133,1,0,0
13,0,259,10816,3910,136,2956,3,0,0
14,0,695,10230,4143,74,766,1,0,0
15,0,190,12530,3884,124,443,1,0,0
16,0,233,12144,4057,95,534,1,0,0
17,0,239,11789,5060,96,514,1,0,0
18,0,278,11613,4687,110,491,1,0,0
19,0,185,11771,4361,91,484,1,0,0
20,0,166,13762,3842,255,12717,10,0,0
21,0,249,10795,3802,117,1643,2,0,0
22,0,190,13901,4044,148,1499,2,0,0
23,0,215,11534,3901,190,1224,1,0,0
24,0,291,11237,3722,330,547,1,0,0
25,0,794,17409,4162,97,503,1,0,0
26,0,197,12915,4838,130,519,1,0,0
27,0,383,11094,4742,133,542,1,0,0
28,0,278,11302,4058,178,7896,6,0,0
29,0,207,12624,4914,175,1659,2,0,0
30,0,521,11408,6445,763,685,1,0,0
31,0,1663,17332,4025,89,520,1,0,0
32,0,287,13856,4031,431,29535,22,0,0
33,0,230,13543,4853,198,7604,6,0,0
34,0,201,12219,4468,520,5276,4,0,0
35,0,366,12637,5204,196,5335,4,0,0
36,0,294,15016,4002,193,9441,7,0,0
37,0,206,11777,4261,184,8498,7,0,0
38,0,199,12893,3943,321,11134,8,0,0
39,0,224,13835,3884,252,6721,5,0,0
40,0,207,12160,3798,152,5765,5,0,0
41,0,290,12104,4311,153,5557,4,0,0
42,0,214,12102,3682,124,5490,4,0,0
43,0,169,13360,3971,117,5491,4,0,0
44,0,340,12240,3832,236,5515,4,0,0
45,0,247,10956,3804,131,5548,4,0,0
46,0,229,16548,5078,138,5470,4,0,0
47,0,391,10975,4758,164,5529,4,0,0
48,0,243,11426,4132,157,5525,4,0,0
49,0,279,13316,4442,346,5504,4,0,0
50,0,219,10975,3844,155,5480,4,0,0
51,0,245,11771,4301,162,5502,4,0,0
52,0,867,13665,4758,146,5412,4,0,0
53,0,232,11664,4023,203,5504,4,0,0
54,0,218,11239,4029,283,5484,4,0,0
55,0,680,13688,5239,141,5480,4,0,0
56,0,234,10465,4995,242,26195,19,0,0
57,0,302,11702,4655,154,5999,5,0,0
58,0,338,11779,4989,198,5464,4,0,0
59,0,369,10479,4614,149,5443,4,0,0
60,0,244,9876,5109,1716,160909,115,1,0
61,0,295,10493,4453,156,3514,3,0,0
62,0,206,10603,3839,310,25470,19,0,0
63,0,270,9741,3768,404,1437,2,0,0
64,0,467,13837,4852,115,1402,2,0,0
65,0,245,10410,3814,154,2773,2,0,0
66,0,223,10789,3897,171,4132,3,0,0
67,0,890,13157,4016,138,4733,4,0,0
68,0,364,10244,3980,218,7820,6,0,0
69,0,191,11837,3843,151,7554,6,0,0
70,0,214,12231,4737,157,9794,7,0,0
71,0,255,14938,4682,281,6111,5,0,0
72,0,518,12936,3974,149,5433,4,0,0
73,0,230,21703,4857,139,5000,4,0,0
74,0,326,16566,4031,227,4981,4,0,0
75,0,259,12870,3845,166,4968,4,0,0
76,0,268,25331,3955,132,4884,4,0,0
77,0,168,13563,5754,168,4876,4,0,0
78,0,3613,11552,3954,673,4902,4,0,0
79,0,601,39506,4081,256,4948,4,0,0
80,0,402,12450,4154,212,4944,4,0,0
81,0,516,14392,4272,255,4903,4,0,0
82,0,263,12476,4624,268,4949,4,0,0
83,0,266,12875,3979,158,4932,4,0,0
84,0,348,12807,4198,268,4872,4,0,0
85,0,329,14072,5162,174,4910,4,0,0
86,0,228,12801,3737,203,4923,4,0,0
87,0,296,13404,4195,155,4938,4,0,0
88,0,226,12734,3817,166,4931,4,0,0
89,0,430,12229,4328,201,4912,4,0,0
90,0,220,13763,4777,153,4887,4,0,0
91,0,332,11813,5095,241,23149,17,0,0
92,0,311,12241,4687,128,5335,4,0,0
93,0,191,13566,3927,120,4900,4,0,0
94,0,279,15805,3837,247,4959,4,0,0
95,0,266,12343,4462,138,4820,4,0,0
96,0,246,11970,4836,161,4814,4,0,0
97,0,224,12500,5048,126,4839,4,0,0
98,0,186,12905,3875,255,4811,4,0,0
99,0,366,12300,5083,136,4836,4,0,0
100,0,200,12370,4096,193,4833,4,0,0
101,0,217,10891,4182,169,4818,4,0,0
102,0,256,10796,5359,144,4857,4,0,0
103,0,141,14094,5300,92,4833,4,0,0
104,0,168,13162,4881,107,4809,4,0,0
105,0,204,12849,3638,135,4808,4,0,0
106,0,404,12079,5011,103,4799,4,0,0
107,0,204,13792,4995,97,4806,4,0,0
108,0,172,11522,3704,108,4818,4,0,0
109,0,156,10389,3668,68,4857,4,0,0
110,0,126,11321,3721,111,4807,4,0,0
111,0,151,10034,3564,119,4797,4,0,0
112,0,203,10233,4325,89,4831,4,0,0
113,0,185,10486,4293,127,4878,4,0,0
114,0,199,10840,5140,88,4821,4,0,0
115,0,140,12226,3733,84,4831,4,0,0
116,0,153,10924,4515,110,4848,4,0,0
117,0,176,10167,5131,113,4809,4,0,0
118,0,157,12411,3709,234,4860,4,0,0
119,0,351,11189,3850,110,4850,4,0,0
120,0,203,10797,5763,1261,187229,134,1,0
121,0,187,10640,4658,168,26741,20,0,0
122,0,184,13707,4312,93,1741,2,0,0
123,0,197,11908,4754,104,1431,2,0,0
124,0,178,10915,5010,95,1411,2,0,0
125,0,126,13166,4898,125,1460,2,0,0
126,0,192,12995,3896,107,2762,2,0,0
127,0,220,13001,4844,103,4268,4,0,0
128,0,146,12213,4326,139,4784,4,0,0
129,0,320,13108,4789,132,7770,6,0,0
130,0,206,11399,4647,168,7644,6,0,0
131,0,269,12504,5461,132,9796,7,0,0
132,0,204,12837,4071,120,6041,5,0,0
133,0,182,10480,4820,131,5396,4,0,0
134,0,214,12388,4751,181,4867,4,0,0
135,0,241,11962,5152,155,4913,4,0,0
136,0,204,11263,5490,236,4897,4,0,0
137,0,218,12885,5141,99,4909,4,0,0
138,0,192,10979,5257,146,4930,4,0,0
139,0,162,13452,5971,194,4907,4,0,0
140,0,358,13765,5376,168,25244,19,0,0
141,0,180,10624,4017,134,5314,4,0,0
142,0,350,12254,4811,163,4948,4,0,0
143,0,226,10379,5718,101,4830,4,0,0
144,0,159,12758,5460,130,4812,4,0,0
145,0,169,11940,5315,111,4865,4,0,0
146,0,145,15311,4901,469,4830,4,0,0
147,0,186,12788,5557,122,4827,4,0,0
148,0,267,14873,5233,90,4766,4,0,0
149,0,144,13511,4873,104,4774,4,0,0
150,0,208,11175,5678,121,4786,4,0,0
151,0,245,11763,5261,114,4776,4,0,0
152,0,198,11281,6326,215,4804,4,0,0
153,0,404,15313,5380,156,4813,4,0,0
154,0,235,11924,5556,112,4817,4,0,0
155,0,171,13100,5299,144,4820,4,0,0
156,0,185,11667,5802,140,4940,4,0,0
157,0,178,13664,5173,134,4819,4,0,0
158,0,201,11546,5591,115,4826,4,0,0
159,0,183,13403,4969,183,4843,4,0,0
160,0,194,11851,4171,162,4780,4,0,0
161,0,220,11220,5371,100,4797,4,0,0
162,0,150,12733,4810,116,4739,4,0,0
163,0,143,10505,5257,115,4803,4,0,0
164,0,156,13717,4801,247,4801,4,0,0
165,0,371,14010,4748,211,4799,4,0,0
166,0,204,12257,5377,85,4781,4,0,0
167,0,137,12570,4921,132,4818,4,0,0
168,0,213,12930,5111,192,4814,4,0,0
169,0,289,11821,4825,129,4827,4,0,0
170,0,156,11248,4431,138,4818,4,0,0
171,0,221,10949,4410,178,4819,4,0,0
172,0,170,10904,5197,151,4754,4,0,0
173,0,182,11606,5435,172,4868,4,0,0
174,0,262,11880,5319,146,4824,4,0,0
175,0,282,12571,5182,127,4837,4,0,0
176,0,216,14928,5692,120,4766,4,0,0
177,0,166,15118,5567,119,4830,4,0,0
178,0,182,13527,5699,138,4763,4,0,0
179,0,198,11491,4331,99,4791,4,0,0
180,0,366,12612,6075,1133,212872,153,1,0
181,0,291,12180,4348,223,8144,6,0,0
182,0,243,14202,5046,206,21293,16,0,0
183,0,271,11925,4483,112,1489,2,0,0
184,0,180,14147,6170,88,1420,2,0,0
185,0,150,14313,5518,184,1423,2,0,0
186,0,338,13280,5860,145,14660,11,0,0
187,0,201,14581,5960,156,3337,3,0,0
188,0,242,14489,4567,178,4491,4,0,0
189,0,235,12065,5698,203,4910,4,0,0
190,0,267,11690,5327,207,7929,6,0,0
191,0,180,14660,5448,152,7719,6,0,0
192,0,211,13366,5805,150,9948,8,0,0
193,0,164,14374,5803,163,6157,5,0,0
194,0,226,11938,6276,135,5457,4,0,0
195,0,227,15512,5653,133,4993,4,0,0
196,0,218,14885,4529,176,4950,4,0,0
197,0,252,12194,5176,136,4941,4,0,0
198,0,281,11133,4645,152,4937,4,0,0
199,0,393,12143,4491,179,4899,4,0,0
200,0,405,11237,4522,147,4987,4,0,0
201,0,252,12081,4522,225,4885,4,0,0
202,0,454,11828,5176,245,4944,4,0,0
203,0,269,11784,4502,247,4892,4,0,0
204,0,407,13313,5658,154,4828,4,0,0
205,0,175,11983,4449,188,4879,4,0,0
206,0,507,10865,6292,213,4908,4,0,0
207,0,278,11557,5369,124,4916,4,0,0
208,0,190,11193,5524,224,4934,4,0,0
209,0,329,10959,4974,132,4894,4,0,0
210,0,211,14595,5241,132,4868,4,0,0
211,0,198,12825,4684,132,4936,4,0,0
212,0,224,11613,5179,256,4948,4,0,0
213,0,260,10633,5071,130,4930,4,0,0
214,0,259,11618,5078,190,4915,4,0,0
215,0,241,10761,4732,192,4989,4,0,0
216,0,683,11692,4913,237,4908,4,0,0
217,0,439,12036,4580,193,4908,4,0,0
218,0,386,12758,5018,260,4955,4,0,0
219,0,209,12496,4999,157,4912,4,0,0
220,0,268,12676,5682,191,4903,4,0,0
221,0,304,11939,5948,132,4912,4,0,0
222,0,204,13435,4840,178,4906,4,0,0
223,0,336,12700,5589,132,4909,4,0,0
224,0,217,12261,5882,199,4877,4,0,0
225,0,428,11722,5605,151,4918,4,0,0
226,0,212,12072,9179,202,4938,4,0,0
227,0,197,11438,4577,141,4920,4,0,0
228,0,213,11127,4793,189,4972,4,0,0
229,0,271,12199,5065,155,4913,4,0,0
230,0,214,10873,4984,154,4944,4,0,0
231,0,211,11357,6011,138,4932,4,0,0
232,0,221,12656,5966,125,4889,4,0,0
233,0,402,12995,4791,279,4896,4,0,0
234,0,275,10361,4646,180,4888,4,0,0
235,0,304,10770,4979,274,4903,4,0,0
236,0,256,10830,4815,212,4933,4,0,0
237,0,260,10442,4563,154,4911,4,0,0
238,0,287,9167,4855,406,4940,4,0,0
239,0,292,9049,5363,176,4938,4,0,0
240,0,227,8963,6066,1567,238567,171,1,0
241,0,252,8573,6541,157,8280,6,0,0
242,0,198,10976,4816,229,20016,15,0,0
243,0,379,12672,4811,97,1477,2,0,0
244,0,197,10897,4456,111,1419,2,0,0
245,0,218,12312,5609,145,1447,2,0,0
246,0,282,10352,5662,110,1437,2,0,0
247,0,169,10964,4771,165,1424,2,0,0
248,0,314,12455,4853,137,2752,2,0,0
249,0,278,9502,4761,289,4211,4,0,0
250,0,231,9705,4881,1228,4775,4,0,0
251,0,232,10838,4973,114,7871,6,0,0
252,0,229,12139,4696,198,7646,6,0,0
253,0,232,10247,5587,145,9792,7,0,0
254,0,215,11185,5896,151,6093,5,0,0
255,0,237,11595,5856,293,5380,4,0,0
256,0,275,9782,6085,254,4968,4,0,0
257,0,343,9702,5360,156,4930,4,0,0
258,0,258,11633,5032,142,4890,4,0,0
259,0,327,10867,4961,175,4871,4,0,0
260,0,475,10333,5918,285,4831,4,0,0
261,0,258,11616,4859,138,4816,4,0,0
262,0,262,10976,4636,125,4837,4,0,0
263,0,246,10855,4940,130,4831,4,0,0
264,0,257,10054,4742,231,4863,4,0,0
265,0,404,11973,5804,139,4853,4,0,0
266,0,230,10415,5708,141,4877,4,0,0
267,0,228,10156,5768,156,4879,4,0,0
268,0,238,13631,6622,178,4872,4,0,0
269,0,197,12528,5074,136,4881,4,0,0
270,0,338,11997,4787,128,4891,4,0,0
271,0,301,13886,5943,154,4901,4,0,0
272,0,237,10195,5812,136,4862,4,0,0
273,0,221,10391,4972,147,4854,4,0,0
274,0,555,11358,5611,159,4844,4,0,0
275,0,242,10564,4945,154,4874,4,0,0
276,0,273,11649,5389,313,4918,4,0,0
277,0,444,11828,5189,288,4852,4,0,0
278,0,280,10350,5292,261,4890,4,0,0
279,0,301,10589,5520,213,4857,4,0,0
280,0,249,10497,5120,752,4843,4,0,0
281,0,318,10692,5124,293,4867,4,0,0
282,0,232,10569,5301,137,4841,4,0,0
283,0,175,12400,5154,179,4805,4,0,0
284,0,215,10499,5071,148,4895,4,0,0
285,0,211,11275,5045,257,4856,4,0,0
286,0,675,13379,5975,184,4859,4,0,0
287,0,286,13332,5662,317,4875,4,0,0
288,0,719,10846,5275,166,4908,4,0,0
289,0,262,12076,5164,141,4836,4,0,0
290,0,241,10921,5102,146,4883,4,0,0
291,0,265,12434,4976,259,4896,4,0,0
292,0,343,12943,6190,220,4827,4,0,0
293,0,230,11190,6147,133,4830,4,0,0
294,0,207,10650,6225,130,4847,4,0,0
295,0,173,11801,5515,261,4891,4,0,0
296,0,258,11848,6074,204,24228,18,0,0
297,0,245,10377,6130,113,5369,4,0,0
298,0,205,10920,6700,160,4888,4,0,0
299,0,154,14812,6260,146,4801,4,0,0
300,0,190,13288,7096,1210,253430,182,1,0
301,0,204,12661,5126,182,6175,5,0,0
302,0,240,14038,6028,349,19231,14,0,0
303,0,193,15212,5895,126,369,1,0,0
304,0,293,12962,6242,116,357,1,0,0
305,0,287,15278,6705,157,348,1,0,0
306,0,210,14198,4992,131,335,1,0,0
307,0,207,14150,5186,148,350,1,0,0
308,0,269,12202,5292,166,3439,3,0,0
309,0,227,11635,6421,157,5774,5,0,0
310,0,239,11647,5840,148,5245,4,0,0
311,0,238,12834,6760,167,8194,6,0,0
312,0,201,15080,6537,416,7736,6,0,0
313,0,378,11623,5947,167,10092,8,0,0
314,0,222,12009,6169,189,6180,5,0,0
315,0,221,16503,6362,134,5413,4,0,0
316,0,229,11974,6656,97,5044,4,0,0
317,0,199,15259,6519,144,4896,4,0,0
318,0,214,13079,7268,136,4903,4,0,0
319,0,260,14069,11088,152,4891,4,0,0
320,0,243,12742,13313,139,4890,4,0,0
321,0,218,13375,10929,241,4901,4,0,0
322,0,480,13433,11586,108,4908,4,0,0
323,0,170,14247,10660,147,4950,4,0,0
324,0,334,13832,13419,133,4855,4,0,0
325,0,226,12547,11010,151,4882,4,0,0
326,0,398,12475,11499,138,4924,4,0,0
327,0,209,17220,5459,152,4864,4,0,0
328,0,221,13285,5073,150,4911,4,0,0
329,0,200,14347,4699,180,4882,4,0,0
330,0,285,12846,5345,125,4924,4,0,0
331,0,263,13697,5622,116,4881,4,0,0
332,0,493,14712,5340,125,4906,4,0,0
333,0,214,12475,5675,101,4992,4,0,0
334,0,270,15377,4761,147,4893,4,0,0
335,0,221,17431,5602,232,4935,4,0,0
336,0,424,13102,4716,248,4941,4,0,0
337,0,285,12558,5412,111,4971,4,0,0
338,0,210,13060,5965,142,4905,4,0,0
339,0,408,13388,4278,103,4865,4,0,0
340,0,144,13967,5015,119,4901,4,0,0
341,0,278,11572,5683,158,4889,4,0,0
342,0,213,13181,5408,138,4875,4,0,0
343,0,195,11971,6191,119,4933,4,0,0
344,0,213,13843,5249,120,4912,4,0,0
345,0,184,11844,5499,158,4914,4,0,0
346,0,182,13070,5623,140,4896,4,0,0
347,0,242,13800,4352,116,4883,4,0,0
348,0,181,13986,5523,128,4890,4,0,0
349,0,189,10896,5935,130,4877,4,0,0
350,0,177,13173,4501,252,4863,4,0,0
351,0,608,12639,5320,217,4924,4,0,0
352,0,232,12396,4450,129,4917,4,0,0
353,0,182,13313,4406,173,4920,4,0,0
354,0,285,11270,4371,232,4895,4,0,0
355,0,283,12340,4580,138,4936,4,0,0
356,0,314,12122,4750,159,4892,4,0,0
357,0,324,12076,4715,234,4919,4,0,0
358,0,246,11670,4836,114,4911,4,0,0
359,0,238,11062,5353,129,4892,4,0,0
360,0,307,13650,5963,3660,277821,199,1,0
361,0,229,12424,4681,130,6281,5,0,0
362,0,175,12804,4452,321,17873,13,0,0
363,0,347,11666,4383,204,354,1,0,0
364,0,256,14320,5809,114,330,1,0,0
365,0,217,10160,5762,105,338,1,0,0
366,0,213,9673,5724,109,385,1,0,0
367,0,238,11008,5438,106,313,1,0,0
368,0,223,10594,5877,123,326,1,0,0
369,0,271,11066,4951,145,4358,4,0,0
370,0,223,10909,4567,151,5279,4,0,0
371,0,232,10598,4651,484,5178,4,0,0
372,0,365,10276,4362,147,8143,6,0,0
373,0,411,12857,5076,153,7689,6,0,0
374,0,216,10083,4335,157,10019,8,0,0
375,0,475,9625,4588,265,6173,5,0,0
376,0,276,10446,4662,138,5412,4,0,0
377,0,228,11100,4385,139,4945,4,0,0
378,0,205,12669,5022,151,4816,4,0,0
379,0,199,13739,5115,195,4841,4,0,0
380,0,342,12440,4635,148,4852,4,0,0
381,0,214,11411,4541,230,4902,4,0,0
382,0,591,13036,4466,148,4863,4,0,0
383,0,271,10650,5755,380,24112,18,0,0
384,0,244,10758,4551,159,5377,4,0,0
385,0,560,12000,4450,162,4916,4,0,0
386,0,463,10488,4841,195,4873,4,0,0
387,0,395,11322,4611,247,4810,4,0,0
388,0,238,11602,5096,209,4787,4,0,0
389,0,434,11415,4541,144,4850,4,0,0
390,0,228,13390,4495,214,4839,4,0,0
391,0,457,10718,5118,138,4822,4,0,0
392,0,311,13440,5485,194,4870,4,0,0
393,0,665,11511,5433,132,4869,4,0,0
394,0,259,10561,5375,123,4978,4,0,0
395,0,422,11474,6191,111,4824,4,0,0
396,0,165,12152,4375,125,4831,4,0,0
397,0,232,14213,5525,144,4831,4,0,0
398,0,218,12119,5599,107,4769,4,0,0
399,0,163,9331,5941,124,4818,4,0,0
400,0,178,11682,4476,107,4803,4,0,0
401,0,174,12997,4349,127,4862,4,0,0
402,0,222,11103,4904,117,4826,4,0,0
403,0,163,9950,5540,98,4798,4,0,0
404,0,169,10605,4559,281,4830,4,0,0
405,0,438,10041,4453,166,4832,4,0,0
406,0,226,12790,4640,282,4746,4,0,0
407,0,391,12490,4481,160,4795,4,0,0
408,0,280,10135,4540,229,4803,4,0,0
409,0,465,9969,4491,138,4821,4,0,0
410,0,275,11444,5189,167,4841,4,0,0
411,0,360,10637,5639,141,4851,4,0,0
412,0,189,11771,4876,146,4808,4,0,0
413,0,267,9949,5374,239,4831,4,0,0
414,0,320,9591,5659,199,4865,4,0,0
415,0,202,10639,4812,125,4842,4,0,0
416,0,279,11851,4762,143,4838,4,0,0
417,0,237,12189,5246,221,4857,4,0,0
418,0,336,10184,5749,134,4836,4,0,0
419,0,251,10221,5081,138,4834,4,0,0
420,0,262,9815,5863,1432,300542,215,1,0
421,0,225,12795,4366,162,6195,5,0,0
422,0,303,15059,5948,212,19568,14,0,0
423,0,234,12940,4874,185,13739,10,0,0
424,0,164,13189,4552,126,399,1,0,0
425,0,361,10384,4232,167,314,1,0,0
426,0,917,11380,4303,133,324,1,0,0
427,0,273,10426,4533,151,316,1,0,0
428,0,415,12261,5602,95,333,1,0,0
429,0,209,12948,6486,101,335,1,0,0
430,0,240,11207,5879,201,3968,3,0,0
431,0,356,10548,5836,248,6094,5,0,0
432,0,358,11613,5173,183,5375,4,0,0
433,0,217,12945,6141,155,8252,6,0,0
434,0,256,10225,5783,122,7795,6,0,0
435,0,186,11823,6203,182,10035,8,0,0
436,0,221,10167,4997,259,6160,5,0,0
437,0,217,11546,5154,152,5406,4,0,0
438,0,198,10595,5358,152,4977,4,0,0
439,0,217,12424,5213,145,4993,4,0,0
440,0,545,11223,5148,129,4879,4,0,0
441,0,275,10823,5223,285,4912,4,0,0
442,0,396,11031,5290,159,4925,4,0,0
443,0,583,10523,5068,150,4919,4,0,0
444,0,389,13000,5918,139,4916,4,0,0
445,0,200,9919,5630,121,4922,4,0,0
446,0,239,10815,6006,138,4907,4,0,0
447,0,212,10874,5965,145,4935,4,0,0
448,0,436,14529,6666,140,4928,4,0,0
449,0,213,11469,6100,153,4960,4,0,0
450,0,443,11471,6256,128,4938,4,0,0
451,0,217,14209,5290,284,4920,4,0,0
452,0,1094,11461,5262,149,4954,4,0,0
453,0,225,10535,5183,140,5009,4,0,0
454,0,188,12934,5900,126,4925,4,0,0
455,0,298,10655,6471,168,4922,4,0,0
456,0,278,10771,6483,150,4900,4,0,0
457,0,178,15274,5924,121,5063,4,0,0
458,0,227,10614,6094,194,4950,4,0,0
459,0,293,9676,5608,106,4937,4,0,0
460,0,193,11172,6355,295,4942,4,0,0
461,0,643,10824,5538,321,23284,17,0,0
462,0,239,10867,5349,210,5431,4,0,0
463,0,396,11073,5211,210,4948,4,0,0
464,0,248,10475,5214,163,4843,4,0,0
465,0,246,8747,5094,150,4840,4,0,0
466,0,329,10015,5318,177,4866,4,0,0
467,0,343,11551,5203,112,4839,4,0,0
468,0,253,11113,5647,225,4793,4,0,0
469,0,243,9814,5208,212,4845,4,0,0
470,0,348,12106,6453,146,4865,4,0,0
471,0,257,12001,6140,156,4840,4,0,0
472,0,226,11211,6446,139,4850,4,0,0
473,0,213,11368,6214,128,4880,4,0,0
474,0,236,12806,11841,124,4864,4,0,0
475,0,195,11566,10990,144,4888,4,0,0
476,0,307,11412,11244,132,4865,4,0,0
477,0,553,10259,12639,144,4892,4,0,0
478,0,302,10004,10543,134,4867,4,0,0
479,0,228,13429,12214,118,4861,4,0,0
480,0,228,12186,12682,1942,325574,233,1,0
481,0,219,10406,10322,201,24117,18,0,0
482,0,231,10114,4554,110,448,1,0,0
483,0,212,12348,4462,120,354,1,0,0
484,0,243,11302,4960,153,363,1,0,0
485,0,206,11099,4695,120,377,1,0,0
486,0,453,10540,4615,154,355,1,0,0
487,0,322,11209,4579,119,356,1,0,0
488,0,242,13437,4607,178,322,1,0,0
489,0,244,10770,4707,112,360,1,0,0
490,0,214,11111,5228,246,3454,3,0,0
491,0,510,12029,4854,285,5705,5,0,0
492,0,655,10051,4716,254,5214,4,0,0
493,0,384,10819,5428,137,8114,6,0,0
494,0,383,11701,4693,171,7726,6,0,0
495,0,298,11066,4650,206,10016,8,0,0
496,0,219,11915,4544,285,6070,5,0,0
497,0,221,17509,5970,144,5371,4,0,0
498,0,229,10695,5925,138,4984,4,0,0
499,0,205,11012,5217,126,4924,4,0,0
500,0,220,14897,4652,149,4902,4,0,0
501,0,374,11537,5432,139,4929,4,0,0
502,0,243,11267,5731,144,4926,4,0,0
503,0,311,15262,4459,122,4928,4,0,0
504,0,278,12686,4637,243,4933,4,0,0
505,0,260,12025,4727,276,4932,4,0,0
506,0,1014,11657,5444,257,25202,19,0,0
507,0,221,10223,5645,114,5371,4,0,0
508,0,223,10756,5667,141,4942,4,0,0
509,0,293,12614,4398,234,4883,4,0,0
510,0,449,10740,4292,122,4838,4,0,0
511,0,164,10457,4379,156,4875,4,0,0
512,0,236,11209,5131,122,4911,4,0,0
513,0,218,10329,5512,112,4892,4,0,0
514,0,202,11716,5780,152,4908,4,0,0
515,0,215,16763,5268,128,4860,4,0,0
516,0,212,11413,5840,120,4990,4,0,0
517,0,208,11190,5386,154,4876,4,0,0
518,0,299,13496,5353,140,4870,4,0,0
519,0,211,16297,5037,172,4874,4,0,0
520,0,321,13184,6329,107,4890,4,0,0
521,0,155,12835,5497,219,4860,4,0,0
522,0,196,12315,5559,123,4883,4,0,0
523,0,185,13860,5225,134,4880,4,0,0
524,0,196,14015,4570,263,4873,4,0,0
525,0,273,12170,5788,115,4909,4,0,0
526,0,189,15248,5058,154,4901,4,0,0
527,0,306,15529,4702,189,4916,4,0,0
528,0,323,15463,5410,150,4884,4,0,0
529,0,192,15143,5363,232,4868,4,0,0
530,0,190,11404,5297,223,4915,4,0,0
531,0,223,14330,5737,126,4877,4,0,0
532,0,176,13096,4769,166,4836,4,0,0
533,0,241,13074,5504,139,4855,4,0,0
534,0,216,13857,4342,142,4891,4,0,0
535,0,201,17896,5513,125,4832,4,0,0
536,0,199,13263,4517,238,4844,4,0,0
537,0,257,15032,5511,153,4920,4,0,0
538,0,248,12357,6161,231,4866,4,0,0
539,0,212,15917,5071,164,4876,4,0,0
540,0,180,15584,5555,4976,350249,251,1,0
541,0,239,14972,5403,228,25155,18,0,0
542,0,343,12773,6679,107,467,1,0,0
543,0,225,12853,5398,104,339,1,0,0
544,0,201,16029,5525,118,391,1,0,0
545,0,189,12855,6346,98,326,1,0,0
546,0,174,13878,4481,100,302,1,0,0
547,0,164,15971,5605,108,327,1,0,0
548,0,233,13236,5716,94,337,1,0,0
549,0,487,15207,5538,89,339,1,0,0
550,0,261,16863,4515,168,12904,10,0,0
551,0,229,13495,5812,139,4201,4,0,0
552,0,230,13053,4428,199,6145,5,0,0
553,0,199,17014,5436,123,5367,4,0,0
554,0,172,15622,5169,159,8156,6,0,0
555,0,231,14080,5403,171,7856,6,0,0
556,0,192,17929,4594,202,10127,8,0,0
557,0,217,15019,6225,135,6180,5,0,0
558,0,250,15635,5645,227,5503,4,0,0
559,0,473,36649,6329,123,4995,4,0,0
560,0,196,15066,6053,219,4973,4,0,0
561,0,257,15311,15788,115,4922,4,0,0
562,0,371,28787,5222,149,4955,4,0,0
563,0,542,12696,5988,143,4925,4,0,0
564,0,229,15952,9572,322,4930,4,0,0
565,0,394,15668,4606,304,4926,4,0,0
566,0,254,13002,4895,130,4903,4,0,0
567,0,206,11830,5622,378,4899,4,0,0
568,0,230,13912,5315,127,5081,4,0,0
569,0,213,14047,5738,139,4917,4,0,0
570,0,255,11449,5579,140,4927,4,0,0
571,0,212,14756,4588,175,4954,4,0,0
572,0,209,12257,4921,141,4928,4,0,0
573,0,261,12311,11684,168,4953,4,0,0
574,0,225,13420,10538,149,4916,4,0,0
575,0,252,11036,11670,101,4923,4,0,0
576,0,180,12974,11723,159,4914,4,0,0
577,0,290,11671,11752,125,4952,4,0,0
578,0,160,13214,9992,141,4975,4,0,0
579,0,258,11279,10783,115,4909,4,0,0
580,0,237,11615,11830,147,4852,4,0,0
581,0,224,11494,12797,119,4902,4,0,0
582,0,204,10242,6006,194,4887,4,0,0
583,0,298,10471,6440,145,4912,4,0,0
584,0,226,12744,5259,119,4900,4,0,0
585,0,172,15380,4820,152,4896,4,0,0
586,0,443,11261,4649,332,4943,4,0,0
587,0,314,14592,5868,145,4947,4,0,0
588,0,193,12854,5345,180,4886,4,0,0
589,0,395,12343,4732,154,4922,4,0,0
590,0,247,17607,5475,138,4468,4,0,0
591,0,201,13378,4510,128,5158,4,0,0
592,0,274,12386,4462,203,4883,4,0,0
593,0,213,14312,4600,182,4871,4,0,0
594,0,201,11020,4546,448,4912,4,0,0
595,0,366,11813,4621,560,4899,4,0,0
596,0,276,14062,6049,128,4910,4,0,0
597,0,240,11551,5658,157,4895,4,0,0
598,0,211,11298,5450,128,4873,4,0,0
599,0,235,13964,4577,457,4919,4,0,0
600,0,290,13431,6037,3200,380809,273,1,0
601,0,354,10346,5353,203,19847,15,0,0
602,0,266,13762,5826,101,468,1,0,0
603,0,247,11485,5130,100,381,1,0,0
604,0,215,11440,5191,109,349,1,0,0
605,0,312,13672,5420,94,334,1,0,0
606,0,210,12368,4398,141,719,1,0,0
607,0,290,12126,4515,214,326,1,0,0
608,0,346,11929,4869,107,348,1,0,0
609,0,225,11209,4368,140,345,1,0,0
610,0,324,10657,4440,127,350,1,0,0
611,0,290,11851,4484,132,364,1,0,0
612,0,207,11422,4486,221,4350,4,0,0
613,0,226,11317,4271,143,5270,4,0,0
614,0,202,11941,4799,282,5157,4,0,0
615,0,544,12725,5771,160,8165,6,0,0
616,0,235,12025,4402,132,7743,6,0,0
617,0,237,11592,4442,485,10069,8,0,0
618,0,240,12235,5203,173,6158,5,0,0
619,0,327,11220,5512,237,5412,4,0,0
620,0,349,12089,5377,157,4981,4,0,0
621,0,267,13564,5623,215,4925,4,0,0
622,0,270,10493,5713,212,4912,4,0,0
623,0,201,9980,5424,220,5188,4,0,0
624,0,293,13116,4341,552,4952,4,0,0
625,0,240,10855,4730,324,4932,4,0,0
626,0,242,10300,4447,175,4925,4,0,0
627,0,287,11195,4447,129,4927,4,0,0
628,0,266,11148,4973,128,4879,4,0,0
629,0,209,11134,4504,135,4956,4,0,0
630,0,209,11581,5109,146,4944,4,0,0
631,0,226,11001,4523,117,4955,4,0,0
632,0,177,9707,4462,105,4811,4,0,0
633,0,193,12148,4577,140,4914,4,0,0
634,0,443,13732,4583,186,4931,4,0,0
635,0,254,15330,4713,212,4885,4,0,0
636,0,343,20757,5470,147,4858,4,0,0
637,0,285,22169,4693,1088,118473,85,0,0
638,0,253,20201,5350,133,1911,2,0,0
639,0,242,18412,4464,136,1493,2,0,0
640,0,275,20103,4386,187,5205,4,0,0
641,0,371,15475,5652,267,20211,15,0,0
642,0,236,16578,4436,199,9851,8,0,0
643,0,221,18151,5012,158,5035,4,0,0
644,0,200,16400,4354,167,6793,5,0,0
645,0,258,18755,5672,266,20933,15,0,0
646,0,200,16006,4898,217,12743,10,0,0
647,0,233,20021,4376,178,8709,7,0,0
648,0,209,16477,4978,160,9317,7,0,0
649,0,204,19398,4646,159,7410,6,0,0
650,0,205,18816,4730,160,7342,6,0,0
651,0,171,17788,5640,169,8221,6,0,0
652,0,214,19110,5550,164,7314,6,0,0
653,0,233,18563,5007,165,7277,6,0,0
654,0,229,18574,4457,168,7326,6,0,0
655,0,176,17490,4490,198,7719,6,0,0
656,0,330,19142,5525,171,7288,6,0,0
657,0,241,28356,5814,188,7232,6,0,0
658,0,219,20312,5257,477,7299,6,0,0
659,0,600,22226,5475,187,7270,6,0,0
660,0,382,20434,5242,2386,241227,173,1,0
661,0,270,21520,4574,242,4205,4,0,0
662,0,245,35335,10443,341,2255,2,0,0
663,0,390,34671,7311,277,2156,2,0,0
664,0,316,22608,4753,156,2121,2,0,0
665,0,230,43261,8519,148,2109,2,0,0
666,0,657,48148,13231,149,2151,2,0,0
667,0,408,29634,12126,134,3850,3,0,0
668,0,368,44925,15383,181,5818,5,0,0
669,0,296,30681,9646,173,6623,5,0,0
670,0,215,21993,7072,630,10548,8,0,0
671,0,309,16801,6413,195,10458,8,0,0
672,0,246,17608,6906,227,13610,10,0,0
673,0,373,39315,7519,186,8931,7,0,0
674,0,320,36072,6205,214,7900,6,0,0
675,0,1133,27109,8169,3441,7309,6,0,0
676,0,752,66885,11676,300,7529,6,0,0
677,0,292,76676,6396,181,7233,6,0,0
678,0,255,46063,5281,375,7276,6,0,0
679,0,300,40985,5740,181,7318,6,0,0
680,0,229,32708,9362,292,7242,6,0,0
681,0,513,32534,6543,172,7251,6,0,0
682,0,267,24981,7135,184,7174,6,0,0
683,0,218,22128,5960,186,7233,6,0,0
684,0,249,26415,8087,303,7188,6,0,0
685,0,313,34744,5252,184,7277,6,0,0
686,0,462,21556,6199,181,7194,6,0,0
687,0,253,19235,9751,208,7208,6,0,0
688,0,249,46005,5183,209,7220,6,0,0
689,0,240,43368,5251,279,7214,6,0,0
690,0,319,27013,5264,318,22471,17,0,0
691,0,3850,27945,5103,199,7610,6,0,0
692,0,775,18902,6184,173,7226,6,0,0
693,0,331,36235,5754,189,7074,6,0,0
694,0,334,23245,6467,161,7170,6,0,0
695,0,193,22018,6157,189,7120,6,0,0
696,0,238,25265,6750,222,7073,6,0,0
697,0,210,29480,5588,181,7155,6,0,0
698,0,236,18911,6132,179,7115,6,0,0
699,0,270,18427,6092,189,7109,6,0,0
700,0,236,37272,8490,311,7204,6,0,0
701,0,889,29583,7547,283,7279,6,0,0
702,0,586,28214,4999,206,7123,6,0,0
703,0,346,47344,6713,1193,7065,6,0,0
704,0,289,40067,5415,249,7202,6,0,0
705,0,229,24354,6616,466,7169,6,0,0
706,0,464,41003,6332,231,7168,6,0,0
707,0,1736,30529,5466,166,7184,6,0,0
708,0,179,25440,5181,471,23259,17,0,0
709,0,228,17774,5164,208,7525,6,0,0
710,0,288,17968,6045,252,7219,6,0,0
711,0,317,39444,5170,171,7143,6,0,0
712,0,271,27060,8050,178,7123,6,0,0
713,0,553,21515,5260,237,7097,6,0,0
714,0,854,18716,5442,194,7220,6,0,0
715,0,254,18759,5452,340,7117,6,0,0
716,0,407,42884,5634,203,7106,6,0,0
717,0,222,19020,11697,227,7189,6,0,0
718,0,257,21492,11967,169,7146,6,0,0
719,0,236,18008,12880,157,7147,6,0,0
720,0,229,19535,11111,2188,241110,173,1,0
721,0,262,17342,11160,196,4253,4,0,0
722,0,1109,25570,11254,197,2211,2,0,0
723,0,2538,19318,11347,152,2118,2,0,0
724,0,238,20504,11798,141,2074,2,0,0
725,0,230,25023,11525,286,2074,2,0,0
726,0,593,21295,13319,130,2069,2,0,0
727,0,256,17516,10952,144,3848,3,0,0
728,0,207,32666,5507,315,5727,5,0,0
729,0,237,23284,5549,251,18181,13,0,0
730,0,230,27177,5834,388,10796,8,0,0
731,0,260,21320,6181,200,10481,8,0,0
732,0,276,19560,5000,226,13593,10,0,0
733,0,243,41681,7078,679,8937,7,0,0
734,0,251,34118,5765,548,7814,6,0,0
735,0,324,20772,6155,178,7402,6,0,0
736,0,303,22490,5182,192,7242,6,0,0
737,0,285,37083,6282,661,7325,6,0,0
738,0,425,22704,6077,177,7477,6,0,0
739,0,470,25163,5849,189,7518,6,0,0
740,0,283,16990,5985,193,7400,6,0,0
741,0,208,21015,6248,190,7463,6,0,0
742,0,253,36331,6372,178,7650,6,0,0
743,0,228,19023,4756,245,7736,6,0,0
744,0,444,19823,6302,300,7658,6,0,0
745,0,356,18316,5631,192,7620,6,0,0
746,0,219,19716,4814,205,8004,6,0,0
747,0,228,28824,12625,391,7641,6,0,0
748,0,2958,22618,5012,466,7895,6,0,0
749,0,719,20963,5706,170,7658,6,0,0
750,0,244,17784,5295,209,7767,6,0,0
751,0,224,17417,5093,912,7585,6,0,0
752,0,531,35831,6167,401,7555,6,0,0
753,0,380,19521,5927,176,7728,6,0,0
754,0,225,31781,8970,169,7602,6,0,0
755,0,211,25605,6047,670,31820,23,0,0
756,0,650,21071,5957,188,7680,6,0,0
757,0,247,27997,8008,503,7060,6,0,0
758,0,1055,31256,5392,232,7105,6,0,0
759,0,202,32696,5722,174,6964,5,0,0
760,0,278,23862,5300,189,6960,5,0,0
761,0,270,21458,4763,256,7062,6,0,0
762,0,219,36399,5046,314,7314,6,0,0
763,0,279,38552,4687,441,8674,7,0,0
764,0,497,21055,5835,200,10129,8,0,0
765,0,276,21522,5617,182,9679,7,0,0
766,0,210,36314,6617,212,9405,7,0,0
767,0,290,24244,4935,277,9651,7,0,0
768,0,359,29353,5919,230,6884,5,0,0
769,0,242,18116,5679,490,6874,5,0,0
770,0,281,20711,6397,432,7581,6,0,0
771,0,375,42808,4693,1476,7632,6,0,0
772,0,716,22085,4997,399,35933,26,0,0
773,0,278,21253,5954,174,7977,6,0,0
774,0,204,20143,5836,376,6990,5,0,0
775,0,280,19229,6324,171,6972,5,0,0
776,0,228,35733,4797,196,6964,5,0,0
777,0,335,20644,6143,184,7020,6,0,0
778,0,230,20705,5274,220,7001,6,0,0
779,0,249,20634,6072,145,6999,5,0,0
780,0,240,24057,6030,3045,240745,172,1,0
781,0,267,40630,5367,261,16965,13,0,0
782,0,242,29020,6524,148,2965,3,0,0
783,0,220,22701,5421,158,2348,2,0,0
784,0,307,21373,11631,116,2259,2,0,0
785,0,224,46916,11933,213,2233,2,0,0
786,0,467,22673,12317,201,7961,6,0,0
787,0,204,19014,10700,131,2314,2,0,0
788,0,261,24350,11707,775,4448,4,0,0
789,0,248,25646,12813,262,17873,13,0,0
790,0,229,33383,12973,204,7451,6,0,0
791,0,283,18746,11169,208,12014,9,0,0
792,0,237,18347,11229,528,11369,9,0,0
793,0,215,21447,11551,223,14783,11,0,0
794,0,238,25241,5659,172,9319,7,0,0
795,0,205,24969,6824,259,8261,6,0,0
796,0,204,27326,4941,184,7694,6,0,0
797,0,223,21926,6807,159,7536,6,0,0
798,0,194,27213,5051,288,7565,6,0,0
799,0,255,27933,4774,195,7726,6,0,0
800,0,234,19280,4835,194,7537,6,0,0
801,0,273,18327,5336,513,7537,6,0,0
802,0,244,17335,5092,229,7496,6,0,0
803,0,249,23104,4868,246,7507,6,0,0
804,0,243,18008,4852,212,7502,6,0,0
805,0,275,25149,6184,161,7477,6,0,0
806,0,613,22762,4974,212,7489,6,0,0
807,0,264,19736,4768,139,8349,6,0,0
808,0,203,20491,5118,177,8433,7,0,0
809,0,216,20029,4553,191,8370,6,0,0
810,0,219,19394,4940,281,7536,6,0,0
811,0,626,41651,5088,236,7496,6,0,0
812,0,204,22565,5972,348,27873,20,0,0
813,0,248,18290,6621,163,7657,6,0,0
814,0,203,19362,4989,2991,7387,6,0,0
815,0,483,36683,4784,267,7451,6,0,0
816,0,1554,33496,6108,587,8247,6,0,0
817,0,239,23270,6258,212,8604,7,0,0
818,0,229,20498,7345,254,8053,6,0,0
819,0,485,32914,5001,196,7438,6,0,0
820,0,276,18120,5510,165,7485,6,0,0
821,0,229,32794,5633,174,7459,6,0,0
822,0,460,18469,4769,180,7537,6,0,0
823,0,257,25460,5567,172,7423,6,0,0
824,0,223,36778,5152,432,15027,11,0,0
825,0,561,29622,5770,610,39933,29,0,0
826,0,246,19271,6127,185,7219,6,0,0
827,0,294,21723,5829,188,7028,6,0,0
828,0,244,36156,6183,276,6991,5,0,0
829,0,239,20743,4774,196,7003,6,0,0
830,0,317,22304,6458,226,6986,5,0,0
831,0,268,20777,4919,185,6953,5,0,0
832,0,229,19805,6052,177,7013,6,0,0
833,0,236,20320,4803,285,7031,6,0,0
834,0,218,21382,6941,344,6973,5,0,0
835,0,335,22328,5949,179,6954,5,0,0
836,0,243,22520,6241,181,6886,5,0,0
837,0,241,20611,4787,180,7278,6,0,0
838,0,225,19096,6030,279,7720,6,0,0
839,0,411,23045,4809,202,7791,6,0,0
840,0,195,22010,5822,2656,232029,166,1,0
841,0,264,16975,5811,269,16880,13,0,0
842,0,238,22905,5603,93,2711,2,0,0
843,0,376,45951,5155,133,2295,2,0,0
844,0,370,34938,4763,134,2230,2,0,0
845,0,341,11936,4585,111,2163,2,0,0
846,0,205,14543,5022,269,2078,2,0,0
847,0,364,12322,5940,1281,232028,166,0,0
848,0,209,14753,5443,1919,123407,89,0,0
849,0,409,13808,5048,548,1617,2,0,0
850,0,363,16217,6648,117,2232,2,0,0
851,0,293,16632,10847,195,467,1,0,0
852,0,221,13004,24585,662,6322,5,0,0
853,0,562,60913,9393,84,418,1,0,0
854,0,205,13776,8548,185,1484,2,0,0
855,0,259,18723,11708,116,738,1,0,0
856,0,222,12428,10985,109,547,1,0,0
857,0,351,12631,11245,92,602,1,0,0
858,0,194,10483,13009,215,41300,30,0,0
859,0,188,8885,10339,94,858,1,0,0
860,0,224,11439,10496,310,24699,18,0,0
861,0,264,10325,5480,222,14715,11,0,0
862,0,192,12104,5724,136,8502,7,0,0
863,0,230,11814,5189,137,6365,5,0,0
864,0,223,13154,5338,284,9665,7,0,0
865,0,689,14677,5270,260,9137,7,0,0
866,0,239,11553,5105,164,11869,9,0,0
867,0,176,12222,5270,1035,6157,5,0,0
868,0,322,15375,5321,229,5914,5,0,0
869,0,187,11062,5871,101,5861,5,0,0
870,0,184,11018,5391,188,5844,5,0,0
871,0,267,9587,5343,137,5755,5,0,0
872,0,271,11188,6288,157,5810,5,0,0
873,0,285,12224,6325,140,5738,5,0,0
874,0,186,10182,6324,113,5828,5,0,0
875,0,195,8822,5700,110,5737,5,0,0
876,0,208,8902,5431,138,5726,5,0,0
877,0,209,10276,6392,147,5719,5,0,0
878,0,208,11593,5742,127,5708,5,0,0
879,0,287,10318,5163,261,5748,5,0,0
880,0,296,10288,6157,133,5740,5,0,0
881,0,160,9234,6958,162,5792,5,0,0
882,0,231,12743,5113,192,5792,5,0,0
883,0,480,11291,5183,307,5746,5,0,0
884,0,307,11534,5312,139,5788,5,0,0
885,0,217,10578,5817,198,5800,5,0,0
886,0,202,9280,6225,105,5775,5,0,0
887,0,202,11369,5777,180,5758,5,0,0
888,0,233,12290,5860,143,5802,5,0,0
889,0,204,12238,5897,283,5769,5,0,0
890,0,302,11421,5331,259,5786,5,0,0
891,0,257,11959,5196,365,5738,5,0,0
892,0,456,10786,5641,133,5750,5,0,0
893,0,207,10968,5749,162,5738,5,0,0
894,0,238,11002,6096,168,5715,5,0,0
895,0,223,11584,6489,177,5755,5,0,0
896,0,239,9102,5404,289,5768,5,0,0
897,0,285,9833,5157,356,5761,5,0,0
898,0,302,10720,5408,723,5750,5,0,0
899,0,336,11212,5436,262,5778,5,0,0
900,0,372,12623,8004,5502,441404,316,1,0
901,0,159,9998,6583,386,47261,34,0,0
902,0,237,10710,5319,129,837,1,0,0
903,0,439,11781,6197,137,2447,2,0,0
904,0,235,10965,6373,136,337,1,0,0
905,0,275,11354,7757,105,276,1,0,0
906,0,268,12875,5164,131,258,1,0,0
907,0,530,11654,5040,121,238,1,0,0
908,0,251,10425,5037,114,268,1,0,0
909,0,315,13295,6124,119,263,1,0,0
910,0,214,10904,5762,90,267,1,0,0
911,0,478,10394,6382,196,266,1,0,0
912,0,325,11784,6286,63,273,1,0,0
913,0,169,10553,7003,124,271,1,0,0
914,0,230,9856,5243,158,13959,10,0,0
915,0,319,9290,5040,304,10411,8,0,0
916,0,214,10560,5230,251,12736,10,0,0
917,0,343,10849,5142,165,5731,5,0,0
918,0,244,11737,5767,151,8052,6,0,0
919,0,368,12565,6000,147,7686,6,0,0
920,0,236,10938,6146,130,9872,8,0,0
921,0,408,10671,5678,141,5251,4,0,0
922,0,221,11840,6391,151,4961,4,0,0
923,0,381,10354,5130,202,23332,17,0,0
924,0,230,10884,5918,237,5532,4,0,0
925,0,326,9873,5489,115,4999,4,0,0
926,0,297,12087,5754,231,4910,4,0,0
927,0,317,11243,5149,256,4892,4,0,0
928,0,237,10056,5625,140,4885,4,0,0
929,0,222,10123,5796,122,4860,4,0,0
930,0,239,10917,6558,112,4840,4,0,0
931,0,154,11529,5175,141,4874,4,0,0
932,0,406,10374,5748,129,4830,4,0,0
933,0,252,10162,5953,277,4875,4,0,0
934,0,194,9567,6016,143,4861,4,0,0
935,0,306,10128,6284,140,5003,4,0,0
936,0,208,11834,5862,148,4883,4,0,0
937,0,233,10789,6224,157,4885,4,0,0
938,0,231,11202,6038,114,4867,4,0,0
939,0,207,10142,6057,150,4877,4,0,0
940,0,186,10420,6367,149,4873,4,0,0
941,0,189,12834,5109,200,4883,4,0,0
942,0,444,11875,5477,195,4902,4,0,0
943,0,280,12401,5260,168,4900,4,0,0
944,0,226,11070,5117,142,4879,4,0,0
945,0,203,11132,5103,134,4916,4,0,0
946,0,217,13271,6092,136,4904,4,0,0
947,0,233,10486,6571,98,4864,4,0,0
948,0,156,12648,5047,282,4846,4,0,0
949,0,316,11018,5209,139,4817,4,0,0
950,0,220,11596,5010,107,4832,4,0,0
951,0,239,11647,4994,169,4884,4,0,0
952,0,283,12117,5248,229,4866,4,0,0
953,0,447,11168,5372,179,4889,4,0,0
954,0,224,11171,5608,142,4881,4,0,0
955,0,232,10601,6285,130,4890,4,0,0
956,0,203,11264,6219,135,4884,4,0,0
957,0,203,10237,5733,111,4903,4,0,0
958,0,189,10018,6316,171,4889,4,0,0
959,0,598,11579,5617,157,4878,4,0,0
960,0,214,12011,6255,3042,457133,327,1,0
961,0,228,11844,5978,194,19392,14,0,0
962,0,220,10358,6247,666,40255,29,0,0
963,0,260,9978,11732,100,566,1,0,0
964,0,251,10266,11763,188,1589,2,0,0
965,0,262,10358,11855,135,294,1,0,0
966,0,241,9859,12219,100,245,1,0,0
967,0,213,11889,12894,91,259,1,0,0
968,0,201,10406,10663,114,269,1,0,0
969,0,236,9843,11697,135,272,1,0,0
970,0,229,10204,13407,114,288,1,0,0
971,0,212,9140,12512,205,265,1,0,0
972,0,323,11196,4883,141,288,1,0,0
973,0,238,10445,4742,119,263,1,0,0
974,0,282,11255,4594,102,309,1,0,0
975,0,208,10044,4787,260,9393,7,0,0
976,0,275,9629,4435,192,11921,9,0,0
977,0,176,9242,4764,157,7690,6,0,0
978,0,214,9877,4574,161,5336,4,0,0
979,0,199,9346,4480,153,8064,6,0,0
980,0,196,10568,4584,137,7746,6,0,0
981,0,206,10968,5578,122,9962,8,0,0
982,0,201,10025,5819,133,6082,5,0,0
983,0,212,12209,6112,127,5117,4,0,0
984,0,217,12318,5581,220,4903,4,0,0
985,0,226,13068,4915,146,4879,4,0,0
986,0,302,11267,4598,143,4870,4,0,0
987,0,222,11388,5601,126,4843,4,0,0
988,0,227,10955,5746,136,4844,4,0,0
989,0,152,11034,4739,144,4878,4,0,0
990,0,317,11399,4666,159,4908,4,0,0
991,0,245,10885,4777,139,4846,4,0,0
992,0,250,12942,4488,144,4900,4,0,0
993,0,325,11719,4791,150,4872,4,0,0
994,0,316,11103,4680,149,4877,4,0,0
995,0,413,14229,5748,162,4998,4,0,0
996,0,262,9635,5093,145,4903,4,0,0
997,0,252,11912,5447,234,23271,17,0,0
998,0,243,9685,5757,270,5349,4,0,0
999,0,291,9519,5409,101,4924,4,0,0
1000,0,164,9321,6174,234,4864,4,0,0
1001,0,307,9820,4434,133,4826,4,0,0
1002,0,219,9373,4720,132,4777,4,0,0
1003,0,180,12452,5187,151,4704,4,0,0
1004,0,588,11241,4554,159,4724,4,0,0
1005,0,370,11651,4745,261,4752,4,0,0
1006,0,245,10066,4774,246,4723,4,0,0
1007,0,229,9119,4339,134,4773,4,0,0
1008,0,231,10774,4646,232,4781,4,0,0
1009,0,293,12438,4719,148,4788,4,0,0
1010,0,243,9861,4799,151,4793,4,0,0
1011,0,171,12785,4643,202,4783,4,0,0
1012,0,216,11593,4875,141,4781,4,0,0
1013,0,209,10524,5731,174,4806,4,0,0
1014,0,248,9917,5242,117,4819,4,0,0
1015,0,210,10767,5759,104,4782,4,0,0
1016,0,173,12413,5106,129,4790,4,0,0
1017,0,231,11940,4948,124,4762,4,0,0
1018,0,173,13334,4969,138,4676,4,0,0
1019,0,227,11078,4623,144,4762,4,0,0
1020,0,226,10523,6842,3857,466090,333,1,0
1021,0,202,12348,5491,328,62461,45,0,0
1022,0,198,10550,5711,182,16093,12,0,0
1023,0,137,10963,4923,184,1976,2,0,0
1024,0,323,9323,4869,208,1276,1,0,0
1025,0,502,9342,4497,136,1429,2,0,0
1026,0,199,13096,5550,88,245,1,0,0
1027,0,204,12405,4629,145,279,1,0,0
1028,0,394,9333,4762,206,282,1,0,0
1029,0,234,10788,4550,103,264,1,0,0
1030,0,182,10719,5699,103,260,1,0,0
1031,0,225,11711,6420,95,310,1,0,0
1032,0,350,12100,4648,124,268,1,0,0
1033,0,302,10877,4623,126,242,1,0,0
1034,0,323,11835,4822,140,222,1,0,0
1035,0,213,12020,5355,149,259,1,0,0
1036,0,351,9416,5572,152,8015,6,0,0
1037,0,193,9030,5741,153,10610,8,0,0
1038,0,222,9246,5691,139,6280,5,0,0
1039,0,179,11438,4488,154,5201,4,0,0
1040,0,165,10400,4650,202,8210,6,0,0
1041,0,233,9597,4564,222,7782,6,0,0
1042,0,243,9546,4622,167,10046,8,0,0
1043,0,311,10054,4494,163,6076,5,0,0
1044,0,354,11684,5262,140,5222,4,0,0
1045,0,253,11637,4750,344,25260,19,0,0
1046,0,318,10861,4712,321,5319,4,0,0
1047,0,249,10818,4833,184,4880,4,0,0
1048,0,258,11415,5860,161,4783,4,0,0
1049,0,224,10296,5288,206,4824,4,0,0
1050,0,304,9857,5367,162,4794,4,0,0
1051,0,199,10278,5853,159,4790,4,0,0
1052,0,200,11260,5971,153,4834,4,0,0
1053,0,169,11177,4676,249,4840,4,0,0
1054,0,258,10379,4501,119,4817,4,0,0
1055,0,163,11537,5691,113,4814,4,0,0
1056,0,173,11027,5878,147,4845,4,0,0
1057,0,217,10488,5533,141,4846,4,0,0
1058,0,198,10228,5316,131,4909,4,0,0
1059,0,211,12578,5793,135,4822,4,0,0
1060,0,238,11075,5302,136,4766,4,0,0
1061,0,253,10482,5584,106,4793,4,0,0
1062,0,179,10347,5795,106,4759,4,0,0
1063,0,168,10005,6234,116,4770,4,0,0
1064,0,219,10781,6074,157,4786,4,0,0
1065,0,232,10309,6047,148,4798,4,0,0
1066,0,161,10423,4819,206,4800,4,0,0
1067,0,239,9080,4582,139,4793,4,0,0
1068,0,184,11417,4728,140,4765,4,0,0
1069,0,217,10181,4595,166,4819,4,0,0
1070,0,239,9643,5587,212,4812,4,0,0
1071,0,238,12561,6583,134,4826,4,0,0
1072,0,189,11655,4554,118,4813,4,0,0
1073,0,948,10944,5184,137,4807,4,0,0
1074,0,268,12435,4818,234,4804,4,0,0
1075,0,602,11678,4790,156,4789,4,0,0
1076,0,314,13323,4832,150,4784,4,0,0
1077,0,223,12588,5767,152,4745,4,0,0
1078,0,272,10080,6391,199,4758,4,0,0
1079,0,162,9222,6978,134,4805,4,0,0
1080,0,281,12220,6738,3140,468294,335,1,0
1081,0,245,10597,5813,279,43342,31,0,0
1082,0,217,9993,5180,186,776,1,0,0
1083,0,301,10652,6312,114,1443,2,0,0
1084,0,576,10837,5024,93,311,1,0,0
1085,0,183,12088,5430,108,214,1,0,0
1086,0,281,12453,5183,120,274,1,0,0
1087,0,287,10158,5303,219,276,1,0,0
1088,0,361,10586,5369,121,263,1,0,0
1089,0,399,11531,5571,163,244,1,0,0
1090,0,366,11952,5327,149,257,1,0,0
1091,0,302,12174,5672,175,235,1,0,0
1092,0,219,9766,5734,142,9724,7,0,0
1093,0,239,10040,6138,111,325,1,0,0
1094,0,206,10313,6132,119,294,1,0,0
1095,0,221,10759,6212,125,12727,10,0,0
1096,0,305,9768,5723,127,5522,4,0,0
1097,0,204,11458,11169,143,11670,9,0,0
1098,0,164,11356,13339,133,5705,5,0,0
1099,0,194,10747,12093,168,8022,6,0,0
1100,0,340,11925,10741,173,7632,6,0,0
1101,0,237,11820,11635,123,9991,8,0,0
1102,0,162,11831,12490,133,6136,5,0,0
1103,0,172,10083,13643,138,5267,4,0,0
1104,0,201,10834,11516,153,4995,4,0,0
1105,0,195,10977,6675,237,4945,4,0,0
1106,0,251,10762,5301,130,4924,4,0,0
1107,0,202,11972,6174,95,4918,4,0,0
1108,0,177,12695,5403,122,4930,4,0,0
1109,0,222,11015,5920,119,4931,4,0,0
1110,0,151,13329,5739,112,4945,4,0,0
1111,0,167,12357,4647,133,4943,4,0,0
1112,0,195,13931,4877,132,4910,4,0,0
1113,0,219,12979,6155,104,4858,4,0,0
1114,0,184,13211,5188,103,4996,4,0,0
1115,0,192,11515,4495,233,4880,4,0,0
1116,0,296,10874,5992,128,4873,4,0,0
1117,0,206,13279,5360,113,4909,4,0,0
1118,0,175,13642,5548,124,4935,4,0,0
1119,0,189,12917,5063,220,4963,4,0,0
1120,0,312,11004,4899,114,4947,4,0,0
1121,0,174,14221,5468,216,4921,4,0,0
1122,0,297,13878,5560,149,4907,4,0,0
1123,0,198,16401,5660,145,4909,4,0,0
1124,0,185,12355,5537,143,4897,4,0,0
1125,0,147,13147,6203,158,4886,4,0,0
1126,0,134,12593,5337,106,4823,4,0,0
1127,0,188,12677,5554,179,4878,4,0,0
1128,0,164,12939,5520,206,4867,4,0,0
1129,0,299,11968,5241,112,4949,4,0,0
1130,0,233,13504,5617,122,4904,4,0,0
1131,0,177,12898,5247,164,4887,4,0,0
1132,0,249,12701,5252,235,4862,4,0,0
1133,0,156,12516,5050,158,4940,4,0,0
1134,0,228,10702,5223,181,4901,4,0,0
1135,0,219,13163,4489,102,4913,4,0,0
1136,0,190,14501,5722,144,4939,4,0,0
1137,0,217,13133,4240,165,4922,4,0,0
1138,0,335,10406,6034,73,4980,4,0,0
1139,0,141,13690,5197,106,4918,4,0,0
1140,0,184,14436,6375,3682,458183,328,1,0
1141,0,257,12608,4555,359,42897,31,0,0
1142,0,181,13989,5916,101,563,1,0,0
1143,0,168,13789,4355,194,346,1,0,0
1144,0,288,11172,5117,97,326,1,0,0
1145,0,203,11346,5236,85,308,1,0,0
1146,0,192,10216,5771,97,291,1,0,0
1147,0,206,13953,4546,150,268,1,0,0
1148,0,273,11274,5361,89,283,1,0,0
1149,0,192,13129,5328,109,262,1,0,0
1150,0,205,12297,5139,85,253,1,0,0
1151,0,176,11734,5556,64,246,1,0,0
1152,0,152,14440,5520,185,267,1,0,0
1153,0,211,9786,5256,106,284,1,0,0
1154,0,210,13343,4270,109,223,1,0,0
1155,0,185,13322,5231,239,16602,12,0,0
1156,0,245,13259,5353,130,10934,8,0,0
1157,0,194,10512,6066,101,5691,5,0,0
1158,0,202,13887,5498,139,7994,6,0,0
1159,0,193,10631,5330,135,7631,6,0,0
1160,0,214,16612,5693,115,9934,8,0,0
1161,0,147,15979,4657,110,6052,5,0,0
1162,0,161,12903,5103,115,5194,4,0,0
1163,0,155,12246,4344,173,4962,4,0,0
1164,0,307,11897,5841,130,4914,4,0,0
1165,0,186,15240,5915,96,4879,4,0,0
1166,0,132,13192,5865,108,4860,4,0,0
1167,0,156,12558,4488,108,4844,4,0,0
1168,0,157,11477,5352,190,4893,4,0,0
1169,0,252,10445,4933,98,4891,4,0,0
1170,0,155,9945,4909,114,4863,4,0,0
1171,0,174,13028,4846,115,4888,4,0,0
1172,0,175,13851,5925,136,4887,4,0,0
1173,0,166,13443,5669,156,5018,4,0,0
1174,0,240,11089,4386,190,4916,4,0,0
1175,0,212,12504,5513,177,4931,4,0,0
1176,0,290,10664,5691,109,4896,4,0,0
1177,0,187,11563,5072,160,4861,4,0,0
1178,0,218,15070,5412,164,4868,4,0,0
1179,0,237,16404,4458,136,4889,4,0,0
1180,0,257,12333,5490,149,4917,4,0,0
1181,0,211,14492,4413,206,4829,4,0,0
1182,0,194,14350,5364,130,4884,4,0,0
1183,0,194,13677,4692,143,4874,4,0,0
1184,0,238,15359,4973,146,4876,4,0,0
1185,0,214,15031,4744,117,4892,4,0,0
1186,0,174,14569,6153,126,4888,4,0,0
1187,0,258,12477,4379,140,4876,4,0,0
1188,0,196,18037,5504,148,4903,4,0,0
1189,0,205,15221,5754,148,4916,4,0,0
1190,0,280,12091,6124,119,4904,4,0,0
1191,0,148,15400,4516,157,4903,4,0,0
1192,0,294,13881,6123,138,4928,4,0,0
1193,0,203,12331,4809,299,24282,18,0,0
1194,0,248,15701,5991,133,5376,4,0,0
1195,0,202,12588,4412,116,4885,4,0,0
1196,0,140,14244,5621,138,4872,4,0,0
1197,0,209,13497,4469,236,4854,4,0,0
1198,0,644,18872,4405,114,4826,4,0,0
1199,0,241,14662,5332,125,4812,4,0,0
1200,0,220,13100,7755,3050,458673,328,1,0
1201,0,181,11421,5290,220,8318,6,0,0
1202,0,197,13308,5520,406,39778,29,0,0
1203,0,255,11189,5259,121,542,1,0,0
1204,0,220,11525,5767,116,1654,2,0,0
1205,0,193,13702,5163,144,228,1,0,0
1206,0,188,14223,5719,104,266,1,0,0
1207,0,239,13572,5864,91,266,1,0,0
1208,0,215,14632,6276,104,280,1,0,0
1209,0,201,16230,6564,104,280,1,0,0
1210,0,202,14189,5590,90,271,1,0,0
1211,0,266,14072,6604,98,270,1,0,0
1212,0,229,14900,5533,91,263,1,0,0
1213,0,263,14591,7195,117,265,1,0,0
1214,0,215,14869,6761,97,275,1,0,0
1215,0,177,15144,6842,218,14894,11,0,0
1216,0,195,14023,6331,159,10803,8,0,0
1217,0,176,13720,6660,210,5614,5,0,0
1218,0,172,15149,5754,165,7886,6,0,0
1219,0,287,12843,5166,153,7547,6,0,0
1220,0,216,13726,6742,289,9858,8,0,0
1221,0,328,15600,6385,160,6034,5,0,0
1222,0,253,13683,5989,161,5134,4,0,0
1223,0,231,12962,5078,163,4881,4,0,0
1224,0,315,13288,6115,99,4849,4,0,0
1225,0,200,13629,5750,154,4860,4,0,0
1226,0,221,14820,5591,125,4814,4,0,0
1227,0,209,12595,5268,372,4827,4,0,0
1228,0,336,12267,6884,213,4950,4,0,0
1229,0,172,15224,6002,225,4809,4,0,0
1230,0,285,13308,6535,123,4814,4,0,0
1231,0,183,14549,6289,146,4807,4,0,0
1232,0,235,13946,5800,200,4874,4,0,0
1233,0,601,13164,7208,130,4808,4,0,0
1234,0,190,16195,5922,121,4840,4,0,0
1235,0,217,13932,5183,145,4821,4,0,0
1236,0,322,14160,6167,131,4855,4,0,0
1237,0,215,15294,4881,174,4839,4,0,0
1238,0,448,13403,6321,129,4843,4,0,0
1239,0,335,12736,5433,145,4854,4,0,0
1240,0,221,14454,6603,142,4884,4,0,0
1241,0,200,14904,6360,179,4828,4,0,0
1242,0,202,12942,5549,219,4906,4,0,0
1243,0,401,13305,6157,146,4843,4,0,0
1244,0,279,12555,5280,383,4811,4,0,0
1245,0,575,11118,5672,148,4824,4,0,0
1246,0,250,13509,6553,126,4840,4,0,0
1247,0,212,12997,5563,159,4894,4,0,0
1248,0,202,12985,6113,125,4872,4,0,0
1249,0,213,10727,5271,296,4846,4,0,0
1250,0,297,15316,11346,204,4854,4,0,0
1251,0,184,11712,13837,119,4809,4,0,0
1252,0,198,11713,13304,284,4860,4,0,0
1253,0,211,16064,11607,163,4846,4,0,0
1254,0,241,11419,11539,149,4848,4,0,0
1255,0,311,12542,11057,139,4866,4,0,0
1256,0,170,12665,11527,106,4851,4,0,0
1257,0,182,9685,11880,151,4868,4,0,0
1258,0,235,12146,5225,168,4849,4,0,0
1259,0,208,12240,5315,161,4841,4,0,0
1260,0,334,13144,5656,5297,459475,329,1,0
1261,0,208,11290,4345,348,40054,29,0,0
1262,0,145,12681,4403,108,602,1,0,0
1263,0,322,11090,4255,113,1698,2,0,0
1264,0,278,9775,4217,95,286,1,0,0
1265,0,223,11847,4411,102,238,1,0,0
1266,0,209,17403,5365,113,266,1,0,0
1267,0,249,10457,4547,94,241,1,0,0
1268,0,249,10261,4373,251,252,1,0,0
1269,0,205,11465,4397,143,260,1,0,0
1270,0,275,9896,4477,150,247,1,0,0
1271,0,303,11856,4650,239,254,1,0,0
1272,0,321,9423,4815,96,245,1,0,0
1273,0,300,12542,4173,121,261,1,0,0
1274,0,259,9360,5052,102,290,1,0,0
1275,0,192,9022,4442,285,17203,13,0,0
1276,0,233,11555,4629,223,20368,15,0,0
1277,0,283,10689,4315,180,7637,6,0,0
1278,0,270,11152,4837,127,5397,4,0,0
1279,0,222,13016,4408,152,8181,6,0,0
1280,0,194,10600,4325,133,7784,6,0,0
1281,0,222,11322,4364,136,9994,8,0,0
1282,0,212,11389,4227,114,5941,5,0,0
1283,0,160,12912,4303,403,5099,4,0,0
1284,0,228,10804,4455,172,4924,4,0,0
1285,0,418,10865,4433,128,4823,4,0,0
1286,0,283,13436,4696,137,4793,4,0,0
1287,0,241,11059,4325,151,4882,4,0,0
1288,0,257,11802,4352,464,4851,4,0,0
1289,0,228,13119,5640,149,4872,4,0,0
1290,0,218,12903,5101,320,4890,4,0,0
1291,0,241,11626,5009,136,4867,4,0,0
1292,0,509,13092,5544,133,4882,4,0,0
1293,0,182,12568,4318,229,4892,4,0,0
1294,0,472,11246,4531,149,4885,4,0,0
1295,0,250,11688,5357,137,4869,4,0,0
1296,0,232,11297,5580,111,4830,4,0,0
1297,0,228,9995,5241,196,4864,4,0,0
1298,0,190,9169,4425,170,4830,4,0,0
1299,0,308,11105,4574,130,4802,4,0,0
1300,0,226,9188,4313,142,4881,4,0,0
1301,0,243,9726,4949,248,4862,4,0,0
1302,0,237,10602,5544,185,4897,4,0,0
1303,0,249,10221,6161,142,4892,4,0,0
1304,0,235,13240,4762,180,4807,4,0,0
1305,0,313,10815,5625,283,4906,4,0,0
1306,0,258,10812,5083,173,4812,4,0,0
1307,0,152,11007,4666,155,4841,4,0,0
1308,0,276,12810,5039,117,4861,4,0,0
1309,0,334,10104,5122,141,4820,4,0,0
1310,0,197,10359,4154,161,4863,4,0,0
1311,0,199,9974,4517,225,4901,4,0,0
1312,0,403,10522,4563,169,4869,4,0,0
1313,0,248,10522,4529,127,4890,4,0,0
1314,0,182,12001,4600,108,4875,4,0,0
1315,0,181,12639,4589,125,4855,4,0,0
1316,0,234,11331,4751,109,4860,4,0,0
1317,0,246,11629,4407,135,4885,4,0,0
1318,0,205,11786,4340,317,25316,19,0,0
1319,0,212,11654,5200,169,5337,4,0,0
1320,0,235,11505,5622,3726,459412,329,1,0
1321,0,235,10827,5582,434,68391,49,0,0
1322,0,187,9500,5876,165,15761,12,0,0
1323,0,222,9805,5477,100,1594,2,0,0
1324,0,166,9520,5684,115,1082,1,0,0
1325,0,173,9665,6069,110,1378,1,0,0
1326,0,224,9635,5280,107,265,1,0,0
1327,0,261,9567,5740,94,267,1,0,0
1328,0,185,9061,5699,92,246,1,0,0
1329,0,257,10330,5365,92,280,1,0,0
1330,0,205,11245,6012,115,268,1,0,0
1331,0,189,11097,5923,120,274,1,0,0
1332,0,196,13363,4972,80,265,1,0,0
1333,0,189,11734,4900,88,265,1,0,0
1334,0,161,11311,4950,125,260,1,0,0
1335,0,438,11337,4177,153,305,1,0,0
1336,0,214,10353,4241,126,7697,6,0,0
1337,0,221,10714,4375,242,10106,8,0,0
1338,0,180,12192,4625,166,6233,5,0,0
1339,0,341,11297,4437,207,5288,4,0,0
1340,0,171,10449,4258,248,8275,6,0,0
1341,0,389,10295,4457,216,7827,6,0,0
1342,0,359,11792,4628,275,10098,8,0,0
1343,0,234,10434,4492,141,5987,5,0,0
1344,0,215,13415,4688,171,5215,4,0,0
1345,0,629,12565,4742,135,4900,4,0,0
1346,0,249,11852,4553,148,4903,4,0,0
1347,0,240,11853,4488,135,4866,4,0,0
1348,0,184,13165,5226,106,4907,4,0,0
1349,0,260,11716,4926,147,4866,4,0,0
1350,0,202,12005,4492,250,4864,4,0,0
1351,0,304,12000,5291,162,4874,4,0,0
1352,0,247,11743,5876,100,4892,4,0,0
1353,0,152,12886,5748,123,4877,4,0,0
1354,0,164,12472,4316,103,4896,4,0,0
1355,0,169,13275,5138,211,23223,17,0,0
1356,0,505,12993,4622,177,5394,4,0,0
1357,0,576,12881,5997,142,4920,4,0,0
1358,0,185,11696,4361,196,4819,4,0,0
1359,0,218,13438,4702,251,4798,4,0,0
1360,0,345,12367,4671,210,4818,4,0,0
1361,0,289,11377,5391,131,4796,4,0,0
1362,0,271,11435,5376,197,4815,4,0,0
1363,0,226,15275,6279,211,4791,4,0,0
1364,0,340,14208,5717,137,4788,4,0,0
1365,0,177,14744,5115,227,4783,4,0,0
1366,0,581,12042,5721,136,4796,4,0,0
1367,0,1575,16335,4982,240,4744,4,0,0
1368,0,302,12767,6494,88,4806,4,0,0
1369,0,152,13679,5003,172,4797,4,0,0
1370,0,305,13572,6364,178,4789,4,0,0
1371,0,215,12607,4693,247,4786,4,0,0
1372,0,298,12063,5747,124,4825,4,0,0
1373,0,234,13167,6035,133,4833,4,0,0
1374,0,207,13687,5590,170,4801,4,0,0
1375,0,309,12375,5080,248,4791,4,0,0
1376,0,261,13733,6192,122,4809,4,0,0
1377,0,182,17179,4733,131,4805,4,0,0
1378,0,239,8892,5133,417,4947,4,0,0
1379,0,344,10778,4854,149,4760,4,0,0
1380,0,210,9802,7352,3426,459644,329,1,0
1381,0,172,9955,5143,166,8255,6,0,0
1382,0,238,12424,4831,296,41628,30,0,0
1383,0,176,10351,5545,184,476,1,0,0
1384,0,227,8777,5790,179,268,1,0,0
1385,0,209,9777,5666,107,259,1,0,0
1386,0,193,8786,5940,98,273,1,0,0
1387,0,277,10341,4983,120,271,1,0,0
1388,0,487,9952,5137,119,275,1,0,0
1389,0,220,11961,5188,217,246,1,0,0
1390,0,362,9664,5021,179,294,1,0,0
1391,0,253,10387,5568,110,283,1,0,0
1392,0,282,10703,5114,204,257,1,0,0
1393,0,324,9335,5644,162,265,1,0,0
1394,0,390,10960,5527,144,258,1,0,0
1395,0,289,13196,4916,254,13941,10,0,0
1396,0,504,11401,5853,176,10886,8,0,0
1397,0,294,11125,6125,148,5567,4,0,0
1398,0,185,12796,5416,185,7907,6,0,0
1399,0,540,11644,5473,224,7573,6,0,0
1400,0,358,9442,5257,183,9845,8,0,0
1401,0,257,11609,6064,145,6048,5,0,0
1402,0,213,11276,5263,200,25339,19,0,0
1403,0,268,11945,5836,152,5439,4,0,0
1404,0,219,9934,6028,177,4925,4,0,0
1405,0,275,9803,6297,100,4804,4,0,0
1406,0,163,11346,4904,182,4792,4,0,0
1407,0,321,11676,6316,225,4845,4,0,0
1408,0,250,10088,5896,92,4804,4,0,0
1409,0,155,9335,6701,172,4810,4,0,0
1410,0,244,9748,5200,111,4857,4,0,0
1411,0,174,10972,6313,132,4823,4,0,0
1412,0,240,12456,5852,99,4791,4,0,0
1413,0,160,10564,6520,158,4795,4,0,0
1414,0,150,11628,5222,159,4785,4,0,0
1415,0,187,9274,5163,117,4839,4,0,0
1416,0,230,10554,5227,148,4847,4,0,0
1417,0,202,12018,5932,137,4816,4,0,0
1418,0,277,10540,6620,142,4808,4,0,0
1419,0,212,11868,5872,345,4819,4,0,0
1420,0,256,11243,6022,304,4826,4,0,0
1421,0,281,12379,6098,114,4790,4,0,0
1422,0,201,11655,6583,151,4791,4,0,0
1423,0,207,11457,5958,202,4793,4,0,0
1424,0,405,10772,5257,253,4816,4,0,0
1425,0,212,10961,6069,133,4756,4,0,0
1426,0,185,13572,5187,232,4807,4,0,0
1427,0,323,9375,5662,222,4848,4,0,0
1428,0,237,9327,5064,113,4821,4,0,0
1429,0,209,10166,6100,151,4826,4,0,0
1430,0,245,10719,6260,136,4827,4,0,0
1431,0,280,11775,11078,148,4876,4,0,0
1432,0,206,10183,11219,189,4817,4,0,0
1433,0,286,11316,11719,240,4830,4,0,0
1434,0,373,8575,11811,104,4878,4,0,0
1435,0,170,9309,12133,105,4848,4,0,0
1436,0,161,10620,10903,111,4823,4,0,0
1437,0,134,9417,13500,153,4785,4,0,0
1438,0,236,10631,11099,153,4781,4,0,0
1439,0,285,9160,12744,94,4921,4,0,0
1440,0,358,9201,5621,3657,459987,329,1,0
1441,0,206,9472,5440,137,3970,3,0,0
1442,0,224,8960,4932,209,40253,29,0,0
1443,0,179,11870,4962,72,486,1,0,0
1444,0,148,10735,4247,125,277,1,0,0
1445,0,243,10701,4957,105,303,1,0,0
1446,0,219,8905,4987,85,272,1,0,0
1447,0,165,8262,5105,102,252,1,0,0
1448,0,183,10974,4140,108,263,1,0,0
1449,0,228,12603,4197,114,9717,7,0,0
1450,0,169,14397,4521,121,255,1,0,0
1451,0,224,11311,5242,240,19904,15,0,0
1452,0,282,11641,5065,240,2109,2,0,0
1453,0,306,8810,4789,360,24753,18,0,0
1454,0,309,8792,5123,114,1871,2,0,0
1455,0,284,10480,4872,241,274,1,0,0
1456,0,251,8399,4771,267,8587,7,0,0
1457,0,242,8798,4235,249,10885,8,0,0
1458,0,199,8203,4440,258,11719,9,0,0
1459,0,250,10582,3886,100,5653,5,0,0
1460,0,173,10715,4923,136,8027,6,0,0
1461,0,172,9618,4551,237,7654,6,0,0
1462,0,210,9568,4044,143,10068,8,0,0
1463,0,183,9194,3962,275,6156,5,0,0
1464,0,253,9096,4124,112,5251,4,0,0
1465,0,182,8871,4063,140,5002,4,0,0
1466,0,266,9604,4025,162,4989,4,0,0
1467,0,181,8310,4083,196,4935,4,0,0
1468,0,173,11617,4701,103,4977,4,0,0
1469,0,179,9989,5195,100,4957,4,0,0
1470,0,176,10638,5088,107,4927,4,0,0
1471,0,142,9148,5173,157,4927,4,0,0
1472,0,253,11375,3941,143,4950,4,0,0
1473,0,185,9551,4954,167,13984,10,0,0
1474,0,177,8778,4911,92,5571,4,0,0
1475,0,184,13261,3986,170,5025,4,0,0
1476,0,174,11387,4125,126,4959,4,0,0
1477,0,180,10415,4434,138,5320,4,0,0
1478,0,208,10030,4508,195,5395,4,0,0
1479,0,308,13562,4357,89,4911,4,0,0
1480,0,164,12876,4686,257,4928,4,0,0
1481,0,221,9741,5443,205,4906,4,0,0
1482,0,197,9195,4944,107,4925,4,0,0
1483,0,161,8443,4973,150,16621,12,0,0
1484,0,151,8672,4891,91,5205,4,0,0
1485,0,133,10168,4271,249,4913,4,0,0
1486,0,227,9331,4153,179,4962,4,0,0
1487,0,312,9521,4058,95,4934,4,0,0
1488,0,160,9033,4163,121,4910,4,0,0
1489,0,359,9904,4317,174,4946,4,0,0
1490,0,182,13270,4124,189,4939,4,0,0
1491,0,242,11650,4157,138,5689,5,0,0
1492,0,219,14763,4893,139,5296,4,0,0
1493,0,299,12951,5299,206,21642,16,0,0
1494,0,223,10572,5905,278,32522,24,0,0
1495,0,219,11205,5155,150,4981,4,0,0
1496,0,223,11721,4285,183,4971,4,0,0
1497,0,226,11330,4216,142,4975,4,0,0
1498,0,168,9724,5446,185,4867,4,0,0
1499,0,433,12810,5128,97,4922,4,0,0
1500,0,287,11394,5194,3433,466956,334,1,0
1501,0,244,9884,4714,172,9394,7,0,0
1502,0,204,11211,4532,154,10428,8,0,0
1503,0,290,11213,4002,155,354,1,0,0
1504,0,211,12420,4996,123,381,1,0,0
1505,0,302,12908,4214,128,314,1,0,0
1506,0,266,10546,4368,146,308,1,0,0
1507,0,348,11053,4481,100,281,1,0,0
1508,0,201,14802,4522,147,315,1,0,0
1509,0,337,11150,4310,172,325,1,0,0
1510,0,365,11021,4439,115,341,1,0,0
1511,0,396,13934,4246,156,264,1,0,0
1512,0,695,11127,4320,101,311,1,0,0
1513,0,208,13674,4240,101,244,1,0,0
1514,0,203,14551,4313,171,2288,2,0,0
1515,0,316,11831,4421,181,10336,8,0,0
1516,0,449,11911,4138,145,5566,4,0,0
1517,0,463,19812,4334,461,7984,6,0,0
1518,0,261,12329,4248,311,7584,6,0,0
1519,0,346,11872,5122,358,9864,8,0,0
1520,0,243,14290,5517,157,6017,5,0,0
1521,0,238,13369,4089,270,5202,4,0,0
1522,0,290,13992,4149,122,4965,4,0,0
1523,0,256,14304,4509,323,6408,5,0,0
1524,0,376,12626,4600,182,4955,4,0,0
1525,0,419,12924,5314,145,4964,4,0,0
1526,0,236,12818,5486,427,4911,4,0,0
1527,0,431,12262,5320,181,4963,4,0,0
1528,0,243,13323,4708,131,5966,5,0,0
1529,0,155,14737,4485,260,4942,4,0,0
1530,0,285,15872,4515,115,4896,4,0,0
1531,0,162,13884,4176,138,4888,4,0,0
1532,0,241,11249,4834,147,4930,4,0,0
1533,0,215,13387,5323,167,4943,4,0,0
1534,0,222,11082,5613,133,4931,4,0,0
1535,0,169,14419,5506,377,82584,59,0,0
1536,0,210,12701,4436,91,654,1,0,0
1537,0,192,14648,4635,136,3173,3,0,0
1538,0,386,12020,4723,134,1693,2,0,0
1539,0,328,15334,4051,93,955,1,0,0
1540,0,208,14825,5473,105,1761,2,0,0
1541,0,241,11639,5965,112,2150,2,0,0
1542,0,169,13277,4375,339,4603,4,0,0
1543,0,279,16561,5098,134,4774,4,0,0
1544,0,207,11767,4262,108,4797,4,0,0
1545,0,242,12980,5247,128,4740,4,0,0
1546,0,230,15066,4683,126,4779,4,0,0
1547,0,155,13692,5178,117,4790,4,0,0
1548,0,418,12996,5887,151,4786,4,0,0
1549,0,204,14736,5959,130,4799,4,0,0
1550,0,239,12510,6231,124,4784,4,0,0
1551,0,180,14391,6088,219,4811,4,0,0
1552,0,209,12749,4583,121,4771,4,0,0
1553,0,179,14247,6378,162,4791,4,0,0
1554,0,154,14280,5436,131,4743,4,0,0
1555,0,222,13168,4539,173,4718,4,0,0
1556,0,235,16539,4550,167,4755,4,0,0
1557,0,171,14065,6239,118,4742,4,0,0
1558,0,182,13382,4894,178,4748,4,0,0
1559,0,409,14242,5590,146,4764,4,0,0
1560,0,315,13644,6720,4267,474744,340,1,0
1561,0,337,12778,4761,117,4075,3,0,0
1562,0,259,13303,6471,92,710,1,0,0
1563,0,211,13163,5128,95,464,1,0,0
1564,0,172,16293,6355,109,468,1,0,0
1565,0,168,19603,5078,143,284,1,0,0
1566,0,371,23722,5146,163,297,1,0,0
1567,0,471,17586,5449,920,97850,70,0,0
1568,0,236,16383,4634,134,4204,4,0,0
1569,0,194,18158,4844,155,3220,3,0,0
1570,0,318,38097,9048,1421,5839,5,0,0
1571,0,693,26572,5276,136,1842,2,0,0
1572,0,215,17988,5025,117,1042,1,0,0
1573,0,265,18389,6215,94,443,1,0,0
1574,0,245,18426,6020,203,477,1,0,0
1575,0,592,20942,5077,166,460,1,0,0
1576,0,226,17594,4795,88,483,1,0,0
1577,0,269,19599,5927,241,16001,12,0,0
1578,0,207,17721,5235,171,10508,8,0,0
1579,0,373,16312,5583,242,13306,10,0,0
1580,0,235,18288,5663,164,7443,6,0,0
1581,0,200,16726,6113,166,10490,8,0,0
1582,0,190,16931,6108,175,10173,8,0,0
1583,0,201,25768,5069,285,13501,10,0,0
1584,0,341,19439,6704,248,8741,7,0,0
1585,0,353,17006,5761,176,7573,6,0,0
1586,0,239,16768,5960,178,7283,6,0,0
1587,0,236,18601,4924,218,7256,6,0,0
1588,0,257,16993,6613,163,7265,6,0,0
1589,0,203,17629,5035,186,7227,6,0,0
1590,0,230,23304,6497,188,7256,6,0,0
1591,0,278,23426,5273,197,7230,6,0,0
1592,0,229,17055,5528,783,26999,20,0,0
1593,0,474,17534,5137,196,7705,6,0,0
1594,0,221,32570,6576,160,7845,6,0,0
1595,0,195,18572,6192,218,7401,6,0,0
1596,0,379,18186,5207,277,7425,6,0,0
1597,0,273,16887,5124,209,7426,6,0,0
1598,0,436,21624,5322,1353,7380,6,0,0
1599,0,442,18344,6352,373,7402,6,0,0
1600,0,339,21679,5875,199,7398,6,0,0
1601,0,247,18963,5308,240,7373,6,0,0
1602,0,282,23996,6627,203,7340,6,0,0
1603,0,281,56955,11851,186,7365,6,0,0
1604,0,228,26124,10588,186,7716,6,0,0
1605,0,239,37170,12097,189,7370,6,0,0
1606,0,245,19804,11165,239,7458,6,0,0
1607,0,356,28347,4948,1044,7412,6,0,0
1608,0,539,18207,5992,171,7459,6,0,0
1609,0,324,33977,6477,159,7563,6,0,0
1610,0,391,31683,6902,186,7430,6,0,0
1611,0,215,22553,5790,168,7458,6,0,0
1612,0,1055,22829,5557,388,7454,6,0,0
1613,0,268,17504,4917,248,7439,6,0,0
1614,0,223,20415,6511,203,7388,6,0,0
1615,0,237,25389,5117,553,7391,6,0,0
1616,0,590,18385,5295,314,7374,6,0,0
1617,0,338,18756,5183,335,7340,6,0,0
1618,0,298,26603,5817,189,7393,6,0,0
1619,0,344,54317,7350,1273,22765,17,0,0
1620,0,1035,29631,5951,3734,240740,172,1,0
1621,0,256,29366,5642,297,4241,4,0,0
1622,0,273,24826,10312,201,2313,2,0,0
1623,0,405,36223,7259,141,2168,2,0,0
1624,0,507,64438,7661,161,2264,2,0,0
1625,0,238,46889,5926,128,2170,2,0,0
1626,0,243,32578,7399,205,2178,2,0,0
1627,0,216,24627,5840,316,3840,3,0,0
1628,0,298,29269,5548,263,17996,13,0,0
1629,0,283,21941,5828,170,6888,5,0,0
1630,0,245,22936,5674,342,10673,8,0,0
1631,0,245,28644,8329,293,10420,8,0,0
1632,0,245,19383,5042,348,13592,10,0,0
1633,0,387,20453,6466,247,8900,7,0,0
1634,0,986,20272,5051,1497,7733,6,0,0
1635,0,267,23122,5086,301,7261,6,0,0
1636,0,564,18594,5181,206,7226,6,0,0
1637,0,299,27067,5112,288,7144,6,0,0
1638,0,232,17904,6018,193,7162,6,0,0
1639,0,324,18858,5797,245,7192,6,0,0
1640,0,293,27707,5930,426,7233,6,0,0
1641,0,454,20408,6302,181,7250,6,0,0
1642,0,351,24378,7354,177,7193,6,0,0
1643,0,282,20980,5132,201,7260,6,0,0
1644,0,283,24836,6610,190,7180,6,0,0
1645,0,215,18108,6291,215,7226,6,0,0
1646,0,346,24108,5761,169,7145,6,0,0
1647,0,209,23144,6172,183,7192,6,0,0
1648,0,891,25940,6170,181,7210,6,0,0
1649,0,702,17940,6627,166,7317,6,0,0
1650,0,224,31823,10325,397,21581,16,0,0
1651,0,953,35313,5772,193,7663,6,0,0
1652,0,243,20165,6919,172,7211,6,0,0
1653,0,255,28971,15455,524,7151,6,0,0
1654,0,3761,26048,13376,189,7330,6,0,0
1655,0,473,40479,11291,267,7156,6,0,0
1656,0,508,43710,10783,189,7224,6,0,0
1657,0,254,24588,12351,584,7221,6,0,0
1658,0,255,22466,11348,218,7275,6,0,0
1659,0,1030,31351,10408,163,7308,6,0,0
1660,0,215,18441,14062,794,7404,6,0,0
1661,0,231,22127,11975,185,7512,6,0,0
1662,0,197,23133,11229,256,7546,6,0,0
1663,0,206,19279,6188,232,7547,6,0,0
1664,0,220,21905,5528,249,7462,6,0,0
1665,0,249,18958,5703,220,7654,6,0,0
1666,0,363,25642,5500,153,7783,6,0,0
1667,0,190,28700,4879,187,7807,6,0,0
1668,0,225,18431,5204,329,7662,6,0,0
1669,0,221,20395,8481,266,7665,6,0,0
1670,0,254,26847,5680,179,7684,6,0,0
1671,0,467,21202,4933,453,7821,6,0,0
1672,0,390,21323,5834,175,7579,6,0,0
1673,0,248,20348,5115,370,7563,6,0,0
1674,0,253,41144,5353,327,24216,18,0,0
1675,0,466,28370,5493,252,8189,6,0,0
1676,0,444,23866,5025,1459,7602,6,0,0
1677,0,277,25629,9917,895,7596,6,0,0
1678,0,453,34121,4717,199,7348,6,0,0
1679,0,656,32731,5909,154,7477,6,0,0
1680,0,268,36030,6819,3208,311262,223,1,0
1681,0,254,27471,5873,136,2183,2,0,0
1682,0,230,46973,5528,101,562,1,0,0
1683,0,1046,29575,5401,101,469,1,0,0
1684,0,242,31910,5190,117,488,1,0,0
1685,0,232,40368,5566,111,490,1,0,0
1686,0,250,20767,6146,110,483,1,0,0
1687,0,507,21601,5878,115,447,1,0,0
1688,0,270,19176,6218,90,448,1,0,0
1689,0,202,19704,4656,265,4494,4,0,0
1690,0,332,18862,5827,193,8528,7,0,0
1691,0,297,24445,4759,474,8195,6,0,0
1692,0,323,22285,6058,218,12344,9,0,0
1693,0,251,18792,6070,206,12401,9,0,0
1694,0,221,21499,4708,261,16458,12,0,0
1695,0,265,37419,4696,263,10909,8,0,0
1696,0,1680,23358,4715,662,9486,7,0,0
1697,0,492,28276,5660,272,8874,7,0,0
1698,0,249,17007,6560,181,8881,7,0,0
1699,0,202,23621,6738,507,24034,18,0,0
1700,0,1044,39705,5507,833,9214,7,0,0
1701,0,341,20451,5491,197,8847,7,0,0
1702,0,237,17734,6419,197,8765,7,0,0
1703,0,233,30809,8945,231,8760,7,0,0
1704,0,285,33881,4787,229,8769,7,0,0
1705,0,274,25478,4774,216,8790,7,0,0
1706,0,298,23183,6225,198,8761,7,0,0
1707,0,842,40020,5892,179,8743,7,0,0
1708,0,225,30088,5845,190,8777,7,0,0
1709,0,267,24353,5901,290,8766,7,0,0
1710,0,237,22285,7751,183,8712,7,0,0
1711,0,438,31746,4575,287,8955,7,0,0
1712,0,247,34689,7983,364,8929,7,0,0
1713,0,309,27498,4817,225,8790,7,0,0
1714,0,827,17940,6198,175,8722,7,0,0
1715,0,220,21432,5558,1364,119586,86,0,0
1716,0,595,31327,4755,115,1129,1,0,0
1717,0,233,16999,13678,74,429,1,0,0
1718,0,591,17135,10880,197,9286,7,0,0
1719,0,228,19542,11460,226,11990,9,0,0
1720,0,231,17845,12945,161,6661,5,0,0
1721,0,236,25212,12326,173,9199,7,0,0
1722,0,258,16818,12015,458,9143,7,0,0
1723,0,272,19875,6176,228,14085,11,0,0
1724,0,215,19108,5919,240,11597,9,0,0
1725,0,343,27869,5177,207,10728,8,0,0
1726,0,219,18528,6546,183,10393,8,0,0
1727,0,256,20847,6277,205,10411,8,0,0
1728,0,245,30437,5120,215,10353,8,0,0
1729,0,248,24886,4801,238,10396,8,0,0
1730,0,314,20132,4825,201,10375,8,0,0
1731,0,196,21581,7189,197,10371,8,0,0
1732,0,211,30788,6380,201,10358,8,0,0
1733,0,283,19640,4833,191,10381,8,0,0
1734,0,289,19253,6536,187,10388,8,0,0
1735,0,195,32223,7609,190,10328,8,0,0
1736,0,2161,34792,5079,256,10328,8,0,0
1737,0,368,20449,6295,896,96753,70,0,0
1738,0,243,20550,5818,112,903,1,0,0
1739,0,225,30297,6379,143,1819,2,0,0
1740,0,240,20842,6408,5041,310833,223,1,0
1741,0,543,29715,5653,129,1878,2,0,0
1742,0,243,20289,7534,94,529,1,0,0
1743,0,333,36490,5060,185,423,1,0,0
1744,0,302,28882,6174,149,777,1,0,0
1745,0,502,25860,5556,105,411,1,0,0
1746,0,237,17334,5788,97,477,1,0,0
1747,0,223,39000,9726,103,449,1,0,0
1748,0,1422,25579,5269,128,505,1,0,0
1749,0,218,20172,5341,140,4556,4,0,0
1750,0,262,29775,6170,124,8552,7,0,0
1751,0,505,39506,5030,323,8195,6,0,0
1752,0,242,18715,6395,260,12402,9,0,0
1753,0,227,17681,12730,240,12411,9,0,0
1754,0,202,21921,5176,563,16443,12,0,0
1755,0,553,19060,5338,230,10815,8,0,0
1756,0,211,19603,6352,187,9439,7,0,0
1757,0,215,18455,5042,185,8922,7,0,0
1758,0,229,18143,5080,372,24310,18,0,0
1759,0,244,21053,6576,198,9197,7,0,0
1760,0,310,18666,5668,213,8852,7,0,0
1761,0,225,20407,5019,193,8878,7,0,0
1762,0,200,30082,4952,176,8789,7,0,0
1763,0,237,17614,4900,409,35172,26,0,0
1764,0,232,16742,5211,386,7469,6,0,0
1765,0,330,22005,6614,167,6671,5,0,0
1766,0,2115,20562,5130,213,10500,8,0,0
1767,0,288,17569,4990,254,16979,13,0,0
1768,0,295,19815,5728,192,9585,7,0,0
1769,0,226,31255,6130,664,27930,20,0,0
1770,0,298,19918,5140,173,3529,3,0,0
1771,0,236,17193,6266,152,3016,3,0,0
1772,0,223,20235,6238,152,4378,4,0,0
1773,0,250,15944,6849,141,4911,4,0,0
1774,0,202,18623,6484,216,9861,8,0,0
1775,0,250,40218,5919,185,9745,7,0,0
1776,0,214,29446,4981,1626,9513,7,0,0
1777,0,379,21984,6454,191,9609,7,0,0
1778,0,208,29493,6134,247,9371,7,0,0
1779,0,366,35936,6621,616,9490,7,0,0
1780,0,228,37975,5538,211,9421,7,0,0
1781,0,370,20358,11044,192,9402,7,0,0
1782,0,210,39127,11060,238,9510,7,0,0
1783,0,391,25259,12088,705,9557,7,0,0
1784,0,500,18780,12855,193,9528,7,0,0
1785,0,224,17626,10625,187,9735,7,0,0
1786,0,231,21058,11119,513,9564,7,0,0
1787,0,329,16582,5474,265,9749,7,0,0
1788,0,244,18002,5683,199,9667,7,0,0
1789,0,251,18502,6539,206,9861,8,0,0
1790,0,213,20620,4971,220,9802,8,0,0
1791,0,195,22142,6858,323,9838,8,0,0
1792,0,304,21884,6048,216,9997,8,0,0
1793,0,251,19803,6611,278,24755,18,0,0
1794,0,243,30954,5275,424,10285,8,0,0
1795,0,339,20572,6324,217,10084,8,0,0
1796,0,281,27467,5412,245,9665,7,0,0
1797,0,207,18514,6653,363,31621,23,0,0
1798,0,285,19091,6218,398,16716,12,0,0
1799,0,226,42849,5284,205,10492,8,0,0
1800,0,268,23189,7012,3965,335260,240,1,0
1801,0,449,22502,7569,368,6342,5,0,0
1802,0,217,29647,5356,118,848,1,0,0
1803,0,251,25967,5675,104,696,1,0,0
1804,0,246,21350,6170,277,20209,15,0,0
1805,0,225,19424,5450,147,2359,2,0,0
1806,0,205,23238,8044,127,506,1,0,0
1807,0,259,24343,5168,92,638,1,0,0
1808,0,224,35359,6455,106,483,1,0,0
1809,0,231,24219,5958,100,444,1,0,0
1810,0,231,20661,6063,110,445,1,0,0
1811,0,306,22582,6868,226,10682,8,0,0
1812,0,304,30315,5968,417,20869,15,0,0
1813,0,238,26724,6954,343,13300,10,0,0
1814,0,2193,31007,6530,820,13198,10,0,0
1815,0,421,23989,6851,264,17402,13,0,0
1816,0,220,28772,5208,783,11389,9,0,0
1817,0,616,26929,6202,205,9847,8,0,0
1818,0,754,16464,5366,222,9334,7,0,0
1819,0,237,18634,5049,198,9130,7,0,0
1820,0,235,16452,5386,181,9180,7,0,0
1821,0,255,18389,5185,214,9110,7,0,0
1822,0,222,16418,5556,309,9106,7,0,0
1823,0,248,17036,5692,202,9211,7,0,0
1824,0,245,23718,5683,408,9115,7,0,0
1825,0,601,19668,6518,193,9211,7,0,0
1826,0,334,18136,6431,230,9172,7,0,0
1827,0,249,18571,5267,317,9159,7,0,0
1828,0,268,18886,6624,324,9163,7,0,0
1829,0,423,28926,5123,243,9144,7,0,0
1830,0,2539,22898,5821,212,9170,7,0,0
1831,0,233,18372,5654,202,9179,7,0,0
1832,0,237,26007,6260,186,9117,7,0,0
1833,0,704,33019,6306,173,9157,7,0,0
1834,0,582,26703,5081,209,9167,7,0,0
1835,0,232,22115,8673,522,25331,19,0,0
1836,0,336,38899,5052,251,9560,7,0,0
1837,0,239,19335,9825,210,9225,7,0,0
1838,0,346,32187,5215,201,9093,7,0,0
1839,0,334,22011,6438,178,9118,7,0,0
1840,0,484,40177,7342,596,9346,7,0,0
1841,0,5150,32322,5431,248,9180,7,0,0
1842,0,324,18632,6336,278,9152,7,0,0
1843,0,316,32515,8351,1125,9083,7,0,0
1844,0,297,32190,12529,376,9116,7,0,0
1845,0,252,24393,10561,445,9125,7,0,0
1846,0,297,22182,11007,230,9300,7,0,0
1847,0,288,36982,11620,178,9104,7,0,0
1848,0,533,19285,11691,212,9165,7,0,0
1849,0,794,20728,11702,205,9170,7,0,0
1850,0,246,19347,11983,159,9351,7,0,0
1851,0,262,34066,11684,265,9094,7,0,0
1852,0,204,21252,12290,201,9114,7,0,0
1853,0,332,24075,11660,538,23299,17,0,0
1854,0,343,20613,11845,192,9857,8,0,0
1855,0,490,31888,8323,194,9239,7,0,0
1856,0,350,24605,5982,191,9156,7,0,0
1857,0,248,22630,5310,186,9109,7,0,0
1858,0,235,19695,4821,180,9101,7,0,0
1859,0,234,43757,5501,346,9020,7,0,0
1860,0,236,19282,5702,3266,315053,226,1,0
1861,0,302,26235,9335,129,1914,2,0,0
1862,0,278,23410,5700,119,586,1,0,0
1863,0,284,19118,5998,118,485,1,0,0
1864,0,230,36503,5006,134,451,1,0,0
1865,0,429,25301,4831,453,477,1,0,0
1866,0,493,24698,6262,95,449,1,0,0
1867,0,215,46044,5043,120,428,1,0,0
1868,0,801,51021,5808,1085,117248,84,0,0
1869,0,240,28900,7258,237,6423,5,0,0
1870,0,588,40097,6745,96,478,1,0,0
1871,0,528,23707,5469,151,430,1,0,0
1872,0,576,21958,5900,931,396,1,0,0
1873,0,601,27846,5308,255,15643,12,0,0
1874,0,232,21945,5059,288,8460,7,0,0
1875,0,215,21395,6545,231,15184,11,0,0
1876,0,278,24425,5919,1072,106907,77,0,0
1877,0,279,20772,5594,200,7657,6,0,0
1878,0,231,19337,4719,120,456,1,0,0
1879,0,236,19247,4789,468,16904,13,0,0
1880,0,280,26994,4512,216,9741,7,0,0
1881,0,238,19560,5625,329,9349,7,0,0
1882,0,470,17724,6187,369,13865,10,0,0
1883,0,243,22468,4923,323,13842,10,0,0
1884,0,323,20626,5698,274,17989,13,0,0
1885,0,360,19357,6299,195,12040,9,0,0
1886,0,199,19904,5589,198,10416,8,0,0
1887,0,306,31280,5928,206,9818,8,0,0
1888,0,254,29954,4544,203,9711,7,0,0
1889,0,241,22018,5449,188,9695,7,0,0
1890,0,289,19690,5605,189,9632,7,0,0
1891,0,244,37011,5776,507,9652,7,0,0
1892,0,2426,20021,5665,181,9730,7,0,0
1893,0,303,32165,4674,461,9695,7,0,0
1894,0,326,23462,5506,199,9714,7,0,0
1895,0,377,23396,5705,183,9682,7,0,0
1896,0,239,30717,4763,243,9649,7,0,0
1897,0,300,26851,5434,669,9662,7,0,0
1898,0,233,23285,5112,229,9935,8,0,0
1899,0,199,20164,7175,1337,9720,7,0,0
1900,0,284,38054,4792,1127,9612,7,0,0
1901,0,343,32467,4804,181,9733,7,0,0
1902,0,403,26944,5389,878,9714,7,0,0
1903,0,612,33077,9325,369,25121,18,0,0
1904,0,263,29122,7898,232,10181,8,0,0
1905,0,401,24251,5432,196,9888,8,0,0
1906,0,237,19045,6281,186,9746,7,0,0
1907,0,208,19582,4662,231,9947,8,0,0
1908,0,253,16376,4610,212,9775,7,0,0
1909,0,271,25099,11022,220,9868,8,0,0
1910,0,189,19427,11235,221,10086,8,0,0
1911,0,372,19585,11093,250,9985,8,0,0
1912,0,226,17576,11801,205,12403,9,0,0
1913,0,196,20877,13499,930,10405,8,0,0
1914,0,550,26001,10487,507,10349,8,0,0
1915,0,237,24865,5948,210,10570,8,0,0
1916,0,239,20505,5878,184,10249,8,0,0
1917,0,238,20364,5653,182,10439,8,0,0
1918,0,184,28535,10932,1112,10185,8,0,0
1919,0,716,45325,7435,234,10486,8,0,0
1920,0,461,26986,6180,5928,315759,226,1,0
1921,0,219,20586,4664,184,2410,2,0,0
1922,0,264,32401,7597,71,983,1,0,0
1923,0,370,47628,7292,139,766,1,0,0
1924,0,767,80844,10443,102,925,1,0,0
1925,0,500,80287,6091,169,2705,2,0,0
1926,0,448,66522,5465,145,3075,3,0,0
1927,0,219,41671,4757,214,4135,3,0,0
1928,0,227,22910,6004,166,4620,4,0,0
1929,0,314,49749,4570,134,5545,4,0,0
1930,0,205,20446,5908,208,9945,8,0,0
1931,0,246,19221,5019,366,13824,10,0,0
1932,0,440,25817,6181,350,13542,10,0,0
1933,0,306,17124,5978,276,20159,15,0,0
1934,0,249,24894,6799,263,20978,15,0,0
1935,0,1501,23984,6423,239,14789,11,0,0
1936,0,239,21749,5286,806,13399,10,0,0
1937,0,402,35507,9020,223,11314,9,0,0
1938,0,251,23854,5083,308,10769,8,0,0
1939,0,293,16091,5586,315,23732,17,0,0
1940,0,394,18091,6406,182,9306,7,0,0
1941,0,196,25330,6286,185,9129,7,0,0
1942,0,206,24030,5745,209,9158,7,0,0
1943,0,254,20014,6441,202,9116,7,0,0
1944,0,321,28384,5634,182,9385,7,0,0
1945,0,230,20237,6037,348,9232,7,0,0
1946,0,365,19035,5864,188,9372,7,0,0
1947,0,254,16495,5913,259,9080,7,0,0
1948,0,449,21342,5153,348,14784,11,0,0
1949,0,270,26744,6102,167,9575,7,0,0
1950,0,207,27580,5779,191,9120,7,0,0
1951,0,346,19673,5942,199,9325,7,0,0
1952,0,277,21556,5700,207,9117,7,0,0
1953,0,260,45388,6320,183,9267,7,0,0
1954,0,745,23403,5517,189,9474,7,0,0
1955,0,276,23725,6516,173,9178,7,0,0
1956,0,263,20053,5709,1174,11889,9,0,0
1957,0,522,20596,7293,284,24719,18,0,0
1958,0,236,37434,6287,229,9673,7,0,0
1959,0,242,26416,4830,357,11326,9,0,0
1960,0,326,18963,5822,190,9262,7,0,0
1961,0,281,19706,6004,375,9263,7,0,0
1962,0,324,21767,5881,247,9065,7,0,0
1963,0,288,20739,6080,593,9062,7,0,0
1964,0,297,20820,6483,213,10415,8,0,0
1965,0,308,20021,4508,200,9320,7,0,0
1966,0,362,18938,9153,203,14652,11,0,0
1967,0,286,20694,13836,197,9116,7,0,0
1968,0,230,22306,11479,178,8956,7,0,0
1969,0,230,18080,13704,215,11759,9,0,0
1970,0,221,19905,11845,170,9351,7,0,0
1971,0,225,25479,12227,243,11509,9,0,0
1972,0,246,22078,6366,327,12396,9,0,0
1973,0,234,20763,6007,268,9367,7,0,0
1974,0,223,20846,5886,197,11342,9,0,0
1975,0,220,20638,6028,186,9312,7,0,0
1976,0,248,22830,5724,214,9363,7,0,0
1977,0,412,21743,6074,209,9276,7,0,0
1978,0,344,19181,7292,193,9165,7,0,0
1979,0,211,23029,6866,238,9244,7,0,0
1980,0,210,25451,9882,7274,327021,234,1,0
1981,0,461,30049,6575,143,2062,2,0,0
1982,0,259,27906,6594,391,573,1,0,0
1983,0,310,28364,6150,148,3398,3,0,0
1984,0,461,20250,5908,154,3444,3,0,0
1985,0,321,25201,6472,223,602,1,0,0
1986,0,298,26503,5333,387,568,1,0,0
1987,0,491,18397,5066,128,601,1,0,0
1988,0,344,22033,6701,161,3687,3,0,0
1989,0,835,24245,6329,108,638,1,0,0
1990,0,238,20225,6537,135,5232,4,0,0
1991,0,259,22722,6669,180,9980,8,0,0
1992,0,758,21411,5016,274,8956,7,0,0
1993,0,437,18918,5635,237,17446,13,0,0
1994,0,278,19438,5011,404,13265,10,0,0
1995,0,231,18527,7218,441,17624,13,0,0
1996,0,241,22859,5152,315,11774,9,0,0
1997,0,259,21806,6744,219,14814,11,0,0
1998,0,192,19878,6933,165,9502,7,0,0
1999,0,207,22207,6135,209,13711,10,0,0
2000,0,222,20022,5950,196,11506,9,0,0
2001,0,341,22694,5845,278,11074,8,0,0
2002,0,238,22865,5882,189,9408,7,0,0
2003,0,203,25843,6138,192,10000,8,0,0
2004,0,222,25239,5634,179,9523,7,0,0
2005,0,250,18930,5192,193,9594,7,0,0
2006,0,225,19835,5033,465,9525,7,0,0
2007,0,397,16663,5414,210,9511,7,0,0
2008,0,247,19130,5748,203,9508,7,0,0
2009,0,234,22342,5163,2173,9448,7,0,0
2010,0,3517,22351,5913,214,9470,7,0,0
2011,0,401,20467,5433,193,9296,7,0,0
2012,0,212,18675,5077,202,9384,7,0,0
2013,0,267,19503,6455,295,24556,18,0,0
2014,0,238,20652,6148,195,9653,7,0,0
2015,0,239,17872,6661,201,9421,7,0,0
2016,0,224,22779,6142,198,9366,7,0,0
2017,0,482,18211,7097,586,9362,7,0,0
2018,0,368,20963,5058,202,9256,7,0,0
2019,0,321,31384,5971,225,13307,10,0,0
2020,0,260,48850,5684,193,9736,7,0,0
2021,0,734,21016,5083,355,13999,10,0,0
2022,0,991,30313,6331,295,9581,7,0,0
2023,0,254,27167,5487,360,9449,7,0,0
2024,0,576,18712,6129,1187,19586,14,0,0
2025,0,341,26244,5301,300,9484,7,0,0
2026,0,252,17546,4870,215,9336,7,0,0
2027,0,240,28540,6064,200,9314,7,0,0
2028,0,228,17612,6084,125,9354,7,0,0
2029,0,203,18455,5938,225,9380,7,0,0
2030,0,281,16746,4994,221,9533,7,0,0
2031,0,269,16235,5092,353,9548,7,0,0
2032,0,236,17314,10824,197,9436,7,0,0
2033,0,243,18282,11832,184,9459,7,0,0
2034,0,181,18819,11921,322,9654,7,0,0
2035,0,301,18359,12178,314,14570,11,0,0
2036,0,200,17236,11014,314,26021,19,0,0
2037,0,214,18200,11875,370,10519,8,0,0
2038,0,250,17166,10970,244,15182,11,0,0
2039,0,279,23279,6059,342,9944,8,0,0
2040,0,295,20673,7002,3227,328693,235,1,0
2041,0,275,18883,5728,160,2413,2,0,0
2042,0,269,19612,6381,145,953,1,0,0
2043,0,257,19587,5004,286,7999,6,0,0
2044,0,293,19661,4526,94,956,1,0,0
2045,0,232,18286,5116,122,887,1,0,0
2046,0,258,23101,6197,131,700,1,0,0
2047,0,242,18754,6717,101,758,1,0,0
2048,0,208,19354,4909,117,770,1,0,0
2049,0,1807,20320,5859,84,724,1,0,0
2050,0,310,17180,5634,157,5523,4,0,0
2051,0,263,17706,5808,195,10114,8,0,0
2052,0,245,16629,6624,165,9331,7,0,0
2053,0,253,18289,5928,347,18014,13,0,0
2054,0,234,20670,6726,202,13857,10,0,0
2055,0,234,20473,5685,241,17879,13,0,0
2056,0,224,18778,5138,338,11780,9,0,0
2057,0,304,21534,5598,358,15308,11,0,0
2058,0,230,15629,6666,171,9775,7,0,0
2059,0,196,20878,4927,345,9588,7,0,0
2060,0,226,17804,5807,276,23722,17,0,0
2061,0,232,17337,7094,316,9675,7,0,0
2062,0,275,17895,5415,185,9377,7,0,0
2063,0,234,16733,6153,331,9263,7,0,0
2064,0,391,19051,5485,190,9278,7,0,0
2065,0,220,17991,6769,172,9526,7,0,0
2066,0,192,20376,5732,266,9270,7,0,0
2067,0,225,18452,6210,179,9339,7,0,0
2068,0,223,17472,6115,194,9523,7,0,0
2069,0,228,55874,5866,497,9509,7,0,0
2070,0,2183,26005,5545,191,9559,7,0,0
2071,0,226,19683,6497,522,14161,11,0,0
2072,0,323,24285,4697,684,9444,7,0,0
2073,0,332,18724,5373,175,9516,7,0,0
2074,0,225,23202,5191,185,9306,7,0,0
2075,0,268,19338,5722,224,14449,11,0,0
2076,0,220,21465,6409,216,9318,7,0,0
2077,0,244,22623,5839,182,9327,7,0,0
2078,0,263,20963,5588,267,9359,7,0,0
2079,0,282,18914,5510,221,9387,7,0,0
2080,0,226,17886,5798,195,9312,7,0,0
2081,0,192,26491,5246,246,9379,7,0,0
2082,0,253,21236,6730,153,9439,7,0,0
2083,0,177,20402,5478,175,9423,7,0,0
2084,0,257,20197,4727,208,9526,7,0,0
2085,0,263,20377,5483,296,9499,7,0,0
2086,0,252,21960,5786,196,9526,7,0,0
2087,0,237,19786,5655,184,9403,7,0,0
2088,0,931,19298,6587,180,9502,7,0,0
2089,0,191,24059,5668,380,31237,23,0,0
2090,0,231,28603,4712,200,9931,8,0,0
2091,0,202,27721,5930,201,9328,7,0,0
2092,0,258,18531,6906,349,13950,10,0,0
2093,0,263,27568,6968,160,9339,7,0,0
2094,0,1309,33929,5840,188,9491,7,0,0
2095,0,234,21384,5060,755,14536,11,0,0
2096,0,273,43621,5655,198,9591,7,0,0
2097,0,407,60717,6502,218,15014,11,0,0
2098,0,348,28808,6787,177,9603,7,0,0
2099,0,231,25340,6565,172,9328,7,0,0
2100,0,294,25806,13366,8552,329023,236,1,0
2101,0,1299,30667,9441,127,1997,2,0,0
2102,0,264,21732,10811,196,7629,6,0,0
2103,0,653,24781,12287,104,620,1,0,0
2104,0,243,21397,11417,113,575,1,0,0
2105,0,202,27708,6197,175,4004,3,0,0
2106,0,487,33496,6296,100,522,1,0,0
2107,0,241,22175,4906,113,591,1,0,0
2108,0,252,19690,6619,371,4089,3,0,0
2109,0,265,40716,4893,110,653,1,0,0
2110,0,2249,44141,5057,231,9959,8,0,0
2111,0,254,28705,5117,298,10046,8,0,0
2112,0,398,24935,5941,302,21289,16,0,0
2113,0,770,19540,6882,235,14034,11,0,0
2114,0,313,21709,5192,263,13520,10,0,0
2115,0,1616,30615,5449,381,17897,13,0,0
2116,0,249,20347,5556,522,11741,9,0,0
2117,0,234,32047,5136,266,10248,8,0,0
2118,0,244,30159,6400,195,9881,8,0,0
2119,0,244,30228,6638,160,9659,7,0,0
2120,0,208,37923,12880,307,9591,7,0,0
2121,0,1057,45222,5704,205,9667,7,0,0
2122,0,282,40353,6334,248,9545,7,0,0
2123,0,410,32504,6434,231,10857,8,0,0
2124,0,1296,21362,6195,183,11500,9,0,0
2125,0,214,19486,5608,167,11190,8,0,0
2126,0,197,17204,7284,427,12302,9,0,0
2127,0,412,42954,6309,210,12625,10,0,0
2128,0,262,21673,5736,501,14711,11,0,0
2129,0,601,22946,5264,225,15387,11,0,0
2130,0,201,18036,5214,258,16474,12,0,0
2131,0,223,21402,5145,221,15957,12,0,0
2132,0,342,44049,6326,238,15672,12,0,0
2133,0,251,29237,6821,2847,15636,12,0,0
2134,0,466,24388,5184,226,15614,12,0,0
2135,0,220,20187,5513,425,24122,18,0,0
2136,0,244,17530,6642,245,14688,11,0,0
2137,0,259,33124,5176,429,12527,9,0,0
2138,0,238,30318,6213,722,12977,10,0,0
2139,0,425,18686,5063,230,12681,10,0,0
2140,0,237,25371,6508,192,9727,7,0,0
2141,0,201,27406,5371,1817,63060,46,0,0
2142,0,280,26985,5873,410,5066,4,0,0
2143,0,757,21143,6594,188,3536,3,0,0
2144,0,442,21076,5350,194,2183,2,0,0
2145,0,488,19935,4944,247,4119,3,0,0
2146,0,292,24847,6686,396,9435,7,0,0
2147,0,1828,25423,5185,704,9704,7,0,0
2148,0,608,20022,5399,721,9070,7,0,0
2149,0,252,38331,10057,1013,8645,7,0,0
2150,0,2659,54707,7051,181,8679,7,0,0
2151,0,411,32549,6384,380,8699,7,0,0
2152,0,306,42189,6450,198,8798,7,0,0
2153,0,361,32180,5385,202,8897,7,0,0
2154,0,227,20157,6413,188,9067,7,0,0
2155,0,303,19920,5053,175,8575,7,0,0
2156,0,232,21493,11690,299,9065,7,0,0
2157,0,862,25989,11525,176,8934,7,0,0
2158,0,263,19404,12307,199,9198,7,0,0
2159,0,212,24515,10809,214,9102,7,0,0
2160,0,256,20381,12713,8084,314747,225,1,0
2161,0,1724,29855,11663,145,2593,2,0,0
2162,0,257,22426,11540,118,938,1,0,0
2163,0,299,17562,12794,96,950,1,0,0
2164,0,240,42158,11622,159,915,1,0,0
2165,0,403,20178,12332,106,932,1,0,0
2166,0,223,21191,13371,215,10872,8,0,0
2167,0,290,38137,7091,119,893,1,0,0
2168,0,598,41262,5980,121,805,1,0,0
2169,0,700,51883,5050,112,703,1,0,0
2170,0,354,65727,6142,189,10231,8,0,0
2171,0,665,36118,5358,223,9116,7,0,0
2172,0,4832,49208,7305,434,12696,10,0,0
2173,0,326,53553,12391,379,12590,9,0,0
2174,0,1317,56270,5277,288,16586,12,0,0
2175,0,360,52333,6684,193,10997,8,0,0
2176,0,208,30287,5450,187,9560,7,0,0
2177,0,291,25739,7289,319,8982,7,0,0
2178,0,235,20357,6051,259,8954,7,0,0
2179,0,235,28818,4960,207,8773,7,0,0
2180,0,334,22230,4907,286,8739,7,0,0
2181,0,381,18781,5255,325,8740,7,0,0
2182,0,297,19760,4880,233,8757,7,0,0
2183,0,369,25384,6090,270,8719,7,0,0
2184,0,386,27364,7359,603,8787,7,0,0
2185,0,451,40648,5287,191,8774,7,0,0
2186,0,351,24862,6862,537,8801,7,0,0
2187,0,454,46685,6075,212,8771,7,0,0
2188,0,322,28388,10038,189,8843,7,0,0
2189,0,213,25248,5926,319,8721,7,0,0
2190,0,403,17396,5708,175,8758,7,0,0
2191,0,226,23479,6959,395,8753,7,0,0
2192,0,274,26013,5917,189,8767,7,0,0
2193,0,231,18895,6085,194,8797,7,0,0
2194,0,1311,19226,5998,294,8780,7,0,0
2195,0,238,26064,5073,182,8751,7,0,0
2196,0,233,21441,6695,529,8732,7,0,0
2197,0,208,24937,6046,175,8763,7,0,0
2198,0,216,31064,6917,202,9025,7,0,0
2199,0,381,56796,6387,216,8912,7,0,0
2200,0,241,45172,5903,211,8832,7,0,0
2201,0,6555,32811,6096,182,8832,7,0,0
2202,0,200,25317,5998,520,8820,7,0,0
2203,0,1110,41454,5762,352,8793,7,0,0
2204,0,558,24128,4813,453,8812,7,0,0
2205,0,980,22103,6349,221,8778,7,0,0
2206,0,1431,28116,6238,195,8818,7,0,0
2207,0,229,32801,6461,407,8774,7,0,0
2208,0,397,22583,4965,309,23718,17,0,0
2209,0,275,27881,9162,436,9062,7,0,0
2210,0,465,21026,5239,364,8734,7,0,0
2211,0,266,38027,6360,205,8597,7,0,0
2212,0,265,28950,11313,1102,8685,7,0,0
2213,0,329,22838,13217,223,8662,7,0,0
2214,0,384,23283,10493,205,8615,7,0,0
2215,0,236,21351,10897,181,8661,7,0,0
2216,0,244,20117,12792,197,8667,7,0,0
2217,0,293,21769,11362,249,8606,7,0,0
2218,0,387,20623,6690,169,8650,7,0,0
2219,0,243,22536,4669,173,8653,7,0,0
2220,0,236,19649,6331,3006,312001,223,1,0
2221,0,243,20080,4678,146,1835,2,0,0
2222,0,284,21900,5584,136,511,1,0,0
2223,0,279,19381,6010,96,450,1,0,0
2224,0,211,20134,5210,103,405,1,0,0
2225,0,240,19960,5000,106,557,1,0,0
2226,0,572,18341,5929,203,12429,9,0,0
2227,0,201,21094,5769,100,539,1,0,0
2228,0,228,17843,6058,85,447,1,0,0
2229,0,188,21072,5108,333,16363,12,0,0
2230,0,255,17230,5481,169,6117,5,0,0
2231,0,231,16413,5531,182,8812,7,0,0
2232,0,213,17790,5660,197,8673,7,0,0
2233,0,264,15404,4632,332,13016,10,0,0
2234,0,224,16227,5408,195,12741,10,0,0
2235,0,263,23512,4704,238,16690,12,0,0
2236,0,227,22570,5568,211,11103,8,0,0
2237,0,241,19933,4872,185,9689,7,0,0
2238,0,257,21387,5733,201,9179,7,0,0
2239,0,262,19029,6644,161,9059,7,0,0
2240,0,194,19134,5903,547,8996,7,0,0
2241,0,325,20151,6106,198,9026,7,0,0
2242,0,217,17403,6116,206,8980,7,0,0
2243,0,205,23998,4672,170,8984,7,0,0
2244,0,197,21532,6333,260,9036,7,0,0
2245,0,241,16709,5155,154,8974,7,0,0
2246,0,191,19626,4706,254,9019,7,0,0
2247,0,223,18109,4876,159,9018,7,0,0
2248,0,171,19357,4451,171,8995,7,0,0
2249,0,185,18548,5103,205,9026,7,0,0
2250,0,247,19200,6195,193,9083,7,0,0
2251,0,210,19933,5500,165,9045,7,0,0
2252,0,215,20286,5381,190,8997,7,0,0
2253,0,220,17898,5599,428,9012,7,0,0
2254,0,249,16849,4747,229,9008,7,0,0
2255,0,246,17010,5597,264,23242,17,0,0
2256,0,224,18779,4712,264,9422,7,0,0
2257,0,241,15914,4710,199,9035,7,0,0
2258,0,221,18038,5128,168,8975,7,0,0
2259,0,190,17772,5828,173,8923,7,0,0
2260,0,259,17308,5317,195,8945,7,0,0
2261,0,224,18791,5978,187,8990,7,0,0
2262,0,424,19896,5581,170,8959,7,0,0
2263,0,176,17791,4562,196,8918,7,0,0
2264,0,204,20394,5474,167,8893,7,0,0
2265,0,180,21227,5554,144,9062,7,0,0
2266,0,181,16810,5188,155,8939,7,0,0
2267,0,181,16562,4866,201,8971,7,0,0
2268,0,274,19054,5280,159,8867,7,0,0
2269,0,157,18172,4809,176,8907,7,0,0
2270,0,218,19097,5397,186,8999,7,0,0
2271,0,272,15760,4798,166,8930,7,0,0
2272,0,182,20123,5173,172,9033,7,0,0
2273,0,197,15898,5401,168,8942,7,0,0
2274,0,216,16074,5493,173,9024,7,0,0
2275,0,258,16930,5536,156,9020,7,0,0
2276,0,242,17278,5413,174,9106,7,0,0
2277,0,397,17322,5653,226,9108,7,0,0
2278,0,532,18266,4714,319,9190,7,0,0
2279,0,414,17539,5394,172,9321,7,0,0
2280,0,195,18279,6401,2537,321703,230,1,0
2281,0,196,21545,5436,119,2055,2,0,0
2282,0,217,17243,5137,202,783,1,0,0
2283,0,312,16429,5526,182,704,1,0,0
2284,0,269,16799,4651,105,737,1,0,0
2285,0,313,16459,4906,142,895,1,0,0
2286,0,403,18242,5732,110,777,1,0,0
2287,0,225,18410,6505,99,813,1,0,0
2288,0,194,18532,5576,105,832,1,0,0
2289,0,213,15875,6145,133,5339,4,0,0
2290,0,188,17503,14135,241,17786,13,0,0
2291,0,204,16802,11747,278,9149,7,0,0
2292,0,226,15889,14384,180,9128,7,0,0
2293,0,183,18576,13012,245,13338,10,0,0
2294,0,205,19301,11481,253,13403,10,0,0
2295,0,332,17369,12455,274,17342,13,0,0
2296,0,218,16095,13167,212,11556,9,0,0
2297,0,211,17763,4024,158,10145,8,0,0
2298,0,203,16708,4617,235,9668,7,0,0
2299,0,290,17477,4234,410,9398,7,0,0
2300,0,247,15765,4641,171,9141,7,0,0
2301,0,205,17101,4082,265,9202,7,0,0
2302,0,236,16377,4358,169,9195,7,0,0
2303,0,206,16142,4454,181,9177,7,0,0
2304,0,234,17088,4943,326,9102,7,0,0
2305,0,249,16502,4937,168,9103,7,0,0
2306,0,232,16131,4475,191,9201,7,0,0
2307,0,244,20562,4118,192,9010,7,0,0
2308,0,292,19542,4040,570,9192,7,0,0
2309,0,201,19121,5229,198,10908,8,0,0
2310,0,228,16246,4195,420,10738,8,0,0
2311,0,228,18568,4107,232,10056,8,0,0
2312,0,233,17075,5956,188,9810,8,0,0
2313,0,201,15699,4551,195,10096,8,0,0
2314,0,223,16931,4059,166,10221,8,0,0
2315,0,217,18413,4074,297,10343,8,0,0
2316,0,191,17352,3962,165,9759,7,0,0
2317,0,237,16332,4635,199,10442,8,0,0
2318,0,221,17993,3933,185,9845,8,0,0
2319,0,263,16848,3915,192,10330,8,0,0
2320,0,215,16045,4066,213,10426,8,0,0
2321,0,261,17243,4062,201,10952,8,0,0
2322,0,240,16649,3903,218,10585,8,0,0
2323,0,208,15389,3808,170,10631,8,0,0
2324,0,178,18824,5002,199,9905,8,0,0
2325,0,252,16507,5101,416,10372,8,0,0
2326,0,245,19055,4076,311,24187,18,0,0
2327,0,214,18800,3976,392,9401,7,0,0
2328,0,375,16894,5022,179,8994,7,0,0
2329,0,237,18879,4220,196,8894,7,0,0
2330,0,276,24566,5120,169,8849,7,0,0
2331,0,215,20412,4054,228,8936,7,0,0
2332,0,242,17289,4068,379,8952,7,0,0
2333,0,435,20614,5996,194,8929,7,0,0
2334,0,211,18406,4262,194,8906,7,0,0
2335,0,435,21933,4052,230,8883,7,0,0
2336,0,247,24821,4904,379,8922,7,0,0
2337,0,337,23022,5341,168,8891,7,0,0
2338,0,216,22256,4378,279,17747,13,0,0
2339,0,359,33083,4308,205,8869,7,0,0
2340,0,256,21909,4803,4565,313197,224,1,0
2341,0,214,11326,3841,127,1754,2,0,0
2342,0,214,12954,4413,193,508,1,0,0
2343,0,262,12660,4728,1151,220023,158,0,0
2344,0,354,11623,4052,1306,139464,100,0,0
2345,0,291,15085,5084,133,8037,6,0,0
2346,0,177,12806,4052,158,11421,9,0,0
2347,0,203,12302,5380,252,17883,13,0,0
2348,0,236,11662,4300,196,6858,5,0,0
2349,0,232,14142,4906,96,813,1,0,0
2350,0,227,11590,5532,128,625,1,0,0
2351,0,270,11533,4066,94,999,1,0,0
2352,0,236,14509,5135,104,558,1,0,0
2353,0,225,12343,4567,158,478,1,0,0
2354,0,725,10592,4038,128,525,1,0,0
2355,0,188,10236,4097,110,523,1,0,0
2356,0,191,12499,4037,144,563,1,0,0
2357,0,264,12801,5348,98,299,1,0,0
2358,0,222,12653,4954,120,358,1,0,0
2359,0,514,10678,4023,114,415,1,0,0
2360,0,194,11819,4972,141,388,1,0,0
2361,0,228,12064,5128,389,56373,41,0,0
2362,0,547,10525,4420,188,1115,1,0,0
2363,0,318,10639,4903,241,14401,11,0,0
2364,0,253,11141,4566,252,19471,14,0,0
2365,0,191,11127,4353,197,7614,6,0,0
2366,0,300,11732,4514,186,10323,8,0,0
2367,0,199,12086,5182,195,7074,6,0,0
2368,0,271,13631,5399,198,6425,5,0,0
2369,0,247,11320,4185,373,6290,5,0,0
2370,0,344,11930,5003,166,6288,5,0,0
2371,0,242,15251,4092,261,6223,5,0,0
2372,0,271,10854,4932,124,6328,5,0,0
2373,0,206,12380,4838,157,6163,5,0,0
2374,0,234,12366,4413,118,6274,5,0,0
2375,0,148,12716,5102,191,6206,5,0,0
2376,0,267,13524,4026,167,6203,5,0,0
2377,0,251,12245,4131,170,6225,5,0,0
2378,0,236,10282,4608,345,6217,5,0,0
2379,0,452,9931,4200,200,6221,5,0,0
2380,0,207,10787,4216,157,6203,5,0,0
2381,0,224,11023,3991,150,6236,5,0,0
2382,0,231,10198,3967,135,6242,5,0,0
2383,0,476,11736,4498,245,6239,5,0,0
2384,0,447,133109,5675,149,6240,5,0,0
2385,0,227,11021,6018,572,106894,77,0,0
2386,0,378,10649,5378,362,52809,38,0,0
2387,0,210,14760,5057,484,37277,27,0,0
2388,0,329,10917,4734,170,1171,1,0,0
2389,0,215,11326,4986,268,2565,2,0,0
2390,0,338,10635,5321,174,272,1,0,0
2391,0,418,10594,5024,659,21605,16,0,0
2392,0,278,11543,5478,129,3246,3,0,0
2393,0,217,11866,4854,186,2398,2,0,0
2394,0,322,11094,4824,167,6158,5,0,0
2395,0,344,14061,5671,157,6051,5,0,0
2396,0,250,11188,5791,168,6029,5,0,0
2397,0,251,9673,5061,217,5988,5,0,0
2398,0,281,12944,5558,538,6013,5,0,0
2399,0,226,11564,5063,152,5993,5,0,0
2400,0,562,11864,7193,4731,478190,342,1,0
2401,0,210,10199,4923,615,86260,62,0,0
2402,0,239,10822,5187,418,24045,18,0,0
2403,0,228,11040,5056,145,1752,2,0,0
2404,0,422,13012,4921,168,5015,4,0,0
2405,0,221,11756,5175,132,1248,1,0,0
2406,0,259,12576,6083,133,2016,2,0,0
2407,0,206,10114,5060,99,304,1,0,0
2408,0,380,9945,5208,163,275,1,0,0
2409,0,374,11320,5168,106,301,1,0,0
2410,0,256,13102,6100,145,244,1,0,0
2411,0,209,11877,5035,81,297,1,0,0
2412,0,185,10170,5055,177,294,1,0,0
2413,0,295,11727,5252,143,288,1,0,0
2414,0,322,11203,5287,202,253,1,0,0
2415,0,254,11462,5188,144,271,1,0,0
2416,0,386,11289,5098,116,254,1,0,0
2417,0,452,12850,6045,101,280,1,0,0
2418,0,206,11379,6558,238,22538,17,0,0
2419,0,202,10960,4839,311,15339,11,0,0
2420,0,279,14443,6004,359,6859,5,0,0
2421,0,297,10091,6575,303,25576,19,0,0
2422,0,183,11383,5407,764,9128,7,0,0
2423,0,323,10382,5137,182,6588,5,0,0
2424,0,242,9803,5132,325,5966,5,0,0
2425,0,253,11595,5085,131,5841,5,0,0
2426,0,315,12092,5135,123,5853,5,0,0
2427,0,233,11655,5672,215,5820,5,0,0
2428,0,269,9949,5588,141,5830,5,0,0
2429,0,285,10849,5122,179,5803,5,0,0
2430,0,396,10221,5096,139,5885,5,0,0
2431,0,214,10716,5141,156,5847,5,0,0
2432,0,227,12192,6273,171,5809,5,0,0
2433,0,285,10627,6515,137,5864,5,0,0
2434,0,243,10000,6143,119,5888,5,0,0
2435,0,233,14426,6624,156,5840,5,0,0
2436,0,235,12488,5247,139,5888,5,0,0
2437,0,316,10900,5099,206,5841,5,0,0
2438,0,193,10010,5225,1593,5871,5,0,0
2439,0,254,13646,6595,159,5855,5,0,0
2440,0,213,9899,6213,216,5868,5,0,0
2441,0,246,10446,6260,195,5833,5,0,0
2442,0,259,11011,6084,161,5812,5,0,0
2443,0,201,10667,6879,125,5811,5,0,0
2444,0,208,10092,6298,225,5848,5,0,0
2445,0,204,10555,10858,117,5816,5,0,0
2446,0,174,9205,11191,242,5850,5,0,0
2447,0,275,10302,13527,310,5836,5,0,0
2448,0,205,9972,11934,125,5806,5,0,0
2449,0,183,11071,11698,125,5826,5,0,0
2450,0,216,10968,11678,112,5894,5,0,0
2451,0,204,12385,12486,127,5851,5,0,0
2452,0,240,13095,11343,149,5837,5,0,0
2453,0,232,12172,5568,143,5859,5,0,0
2454,0,196,11901,5106,131,5793,5,0,0
2455,0,191,12835,4662,374,5806,5,0,0
2456,0,243,15055,6135,167,5880,5,0,0
2457,0,216,10043,5208,290,5792,5,0,0
2458,0,445,15141,5008,118,5962,5,0,0
2459,0,253,11753,5093,230,5843,5,0,0
2460,0,209,12025,7202,11041,482519,345,1,0
2461,0,197,9974,4856,523,89292,64,0,0
2462,0,264,10204,4311,270,22427,17,0,0
2463,0,230,10788,4815,142,1993,2,0,0
2464,0,196,9661,4412,147,1622,2,0,0
2465,0,493,10204,4310,167,1885,2,0,0
2466,0,246,10064,4330,85,230,1,0,0
2467,0,185,10845,4775,165,277,1,0,0
2468,0,237,12811,4671,306,245,1,0,0
2469,0,392,10495,4911,90,258,1,0,0
2470,0,157,11123,4691,110,220,1,0,0
2471,0,289,10464,4343,148,290,1,0,0
2472,0,207,9935,4416,121,289,1,0,0
2473,0,206,10421,4425,141,292,1,0,0
2474,0,374,12035,5431,137,280,1,0,0
2475,0,374,10392,4963,107,280,1,0,0
2476,0,212,10181,4698,123,254,1,0,0
2477,0,203,9732,4391,100,255,1,0,0
2478,0,175,11299,4897,390,17747,13,0,0
2479,0,547,10021,4400,185,15265,11,0,0
2480,0,263,12757,4438,279,6716,5,0,0
2481,0,557,11717,4507,161,9342,7,0,0
2482,0,322,10776,5043,195,8903,7,0,0
2483,0,166,9930,4313,155,6578,5,0,0
2484,0,199,11117,4442,142,5973,5,0,0
2485,0,208,11631,5104,115,5873,5,0,0
2486,0,164,11526,4419,97,5897,5,0,0
2487,0,224,12856,4841,169,5900,5,0,0
2488,0,224,10210,4392,157,5854,5,0,0
2489,0,379,11078,4313,126,5851,5,0,0
2490,0,268,12295,4310,134,5850,5,0,0
2491,0,190,12383,4533,148,5854,5,0,0
2492,0,228,13597,4515,151,5836,5,0,0
2493,0,238,13696,4679,214,5873,5,0,0
2494,0,211,10914,4637,293,5863,5,0,0
2495,0,327,12340,4899,321,5860,5,0,0
2496,0,211,10902,4430,135,5796,5,0,0
2497,0,268,11451,4657,392,5799,5,0,0
2498,0,377,12668,4302,114,5845,5,0,0
2499,0,178,9257,4226,250,5832,5,0,0
2500,0,469,11143,4498,161,5827,5,0,0
2501,0,230,12524,5254,123,5824,5,0,0
2502,0,204,9870,4320,369,5871,5,0,0
2503,0,184,9702,4410,325,5821,5,0,0
2504,0,377,12444,4310,160,5835,5,0,0
2505,0,294,10298,4392,207,5805,5,0,0
2506,0,240,10277,4435,184,5887,5,0,0
2507,0,195,10474,4349,165,5845,5,0,0
2508,0,310,10577,4578,284,5813,5,0,0
2509,0,213,10514,4358,242,5825,5,0,0
2510,0,234,10741,4210,164,5853,5,0,0
2511,0,380,11779,4294,133,5821,5,0,0
2512,0,181,13558,4353,120,5804,5,0,0
2513,0,185,11456,4461,160,5770,5,0,0
2514,0,280,13467,4364,148,5806,5,0,0
2515,0,254,9046,4472,175,5857,5,0,0
2516,0,239,10041,4560,171,23358,17,0,0
2517,0,179,9928,4462,138,6373,5,0,0
2518,0,242,12003,4435,279,5910,5,0,0
2519,0,204,11734,5274,167,5794,5,0,0
2520,0,339,11603,6677,6423,497621,356,1,0
2521,0,208,11818,4277,147,8396,6,0,0
2522,0,209,11837,4774,261,37797,27,0,0
2523,0,215,11925,4734,132,506,1,0,0
2524,0,360,9366,4397,165,1513,2,0,0
2525,0,336,11002,4327,127,278,1,0,0
2526,0,220,10055,4454,185,268,1,0,0
2527,0,289,9173,4216,142,268,1,0,0
2528,0,301,10090,4351,90,247,1,0,0
2529,0,249,9961,4579,136,253,1,0,0
2530,0,254,10399,4689,226,212,1,0,0
2531,0,203,9542,4681,95,252,1,0,0
2532,0,191,12890,4581,112,259,1,0,0
2533,0,246,9289,4522,121,271,1,0,0
2534,0,281,11398,4302,110,237,1,0,0
2535,0,275,9439,4203,103,294,1,0,0
2536,0,185,10548,5094,263,12117,9,0,0
2537,0,258,10734,5264,132,11224,9,0,0
2538,0,185,9013,5671,136,7438,6,0,0
2539,0,165,11411,4902,211,6152,5,0,0
2540,0,256,9202,4325,192,9381,7,0,0
2541,0,210,10018,4330,212,8841,7,0,0
2542,0,286,12012,4386,228,11414,9,0,0
2543,0,236,9424,4376,128,6173,5,0,0
2544,0,183,9337,4407,287,5887,5,0,0
2545,0,192,10073,4445,309,5883,5,0,0
2546,0,287,11246,4562,223,5852,5,0,0
2547,0,267,10063,4302,134,5824,5,0,0
2548,0,161,11586,4484,197,5830,5,0,0
2549,0,223,10145,4421,148,5843,5,0,0
2550,0,218,9751,4422,275,5867,5,0,0
2551,0,225,13598,5441,150,5870,5,0,0
2552,0,222,11387,5902,175,5865,5,0,0
2553,0,237,11275,5862,147,5866,5,0,0
2554,0,273,12397,4444,148,5871,5,0,0
2555,0,212,12924,4916,163,5889,5,0,0
2556,0,213,12547,5481,126,5879,5,0,0
2557,0,228,13577,4697,203,5963,5,0,0
2558,0,222,16793,4198,218,25250,19,0,0
2559,0,189,12993,4474,162,6350,5,0,0
2560,0,262,12429,5937,154,5884,5,0,0
2561,0,260,11765,5605,104,5770,5,0,0
2562,0,177,12166,6565,138,5809,5,0,0
2563,0,212,13772,5230,161,5790,5,0,0
2564,0,252,13467,5702,279,5797,5,0,0
2565,0,471,13597,4805,240,5794,5,0,0
2566,0,288,11288,6147,176,5826,5,0,0
2567,0,242,12673,6020,155,5786,5,0,0
2568,0,227,16934,6073,137,5810,5,0,0
2569,0,241,13925,5623,161,5799,5,0,0
2570,0,201,16230,6618,159,5785,5,0,0
2571,0,229,15326,5012,205,5793,5,0,0
2572,0,219,12464,6246,184,5767,5,0,0
2573,0,270,14427,4825,153,5792,5,0,0
2574,0,217,15547,7537,124,5792,5,0,0
2575,0,287,15288,5115,194,5809,5,0,0
2576,0,252,12391,5992,109,5801,5,0,0
2577,0,274,14659,4915,185,5780,5,0,0
2578,0,654,13531,5752,141,5859,5,0,0
2579,0,210,13111,6338,317,5842,5,0,0
2580,0,195,17843,7210,2856,497728,356,1,0
2581,0,232,15535,4883,142,8652,7,0,0
2582,0,213,13134,6433,247,36308,26,0,0
2583,0,287,15061,5842,90,553,1,0,0
2584,0,201,12091,6958,102,1573,2,0,0
2585,0,180,16691,6987,113,243,1,0,0
2586,0,194,13135,5786,85,290,1,0,0
2587,0,247,12629,5095,151,283,1,0,0
2588,0,297,13792,6924,103,292,1,0,0
2589,0,198,15998,6262,103,266,1,0,0
2590,0,179,13313,5222,271,9018,7,0,0
2591,0,297,14503,6446,121,263,1,0,0
2592,0,195,14049,6883,100,263,1,0,0
2593,0,207,16260,6834,146,253,1,0,0
2594,0,235,11305,6080,107,299,1,0,0
2595,0,213,12258,5410,91,262,1,0,0
2596,0,203,12214,6475,175,9208,7,0,0
2597,0,251,14050,6813,209,15052,11,0,0
2598,0,211,11961,6911,250,9299,7,0,0
2599,0,343,12248,6557,194,6303,5,0,0
2600,0,327,13483,5921,164,9267,7,0,0
2601,0,218,14052,5642,137,8900,7,0,0
2602,0,199,12623,5941,250,11484,9,0,0
2603,0,257,12802,6786,125,6251,5,0,0
2604,0,208,14980,6171,134,5892,5,0,0
2605,0,167,13463,5105,203,5829,5,0,0
2606,0,371,12934,6324,144,5788,5,0,0
2607,0,245,13825,5480,154,5743,5,0,0
2608,0,267,13784,6578,118,5759,5,0,0
2609,0,199,12147,5569,174,5795,5,0,0
2610,0,297,15363,7035,371,5925,5,0,0
2611,0,286,13473,6119,115,5831,5,0,0
2612,0,211,13404,6309,132,5802,5,0,0
2613,0,280,15042,5564,142,5817,5,0,0
2614,0,249,11488,6650,118,5851,5,0,0
2615,0,200,14187,5844,146,5855,5,0,0
2616,0,923,11731,6610,144,5789,5,0,0
2617,0,209,10922,6796,139,5788,5,0,0
2618,0,216,12815,6133,190,5786,5,0,0
2619,0,297,13059,12022,132,5829,5,0,0
2620,0,202,13299,11535,158,5787,5,0,0
2621,0,255,11513,11148,193,5787,5,0,0
2622,0,483,11452,11589,121,5808,5,0,0
2623,0,195,12036,11344,155,5796,5,0,0
2624,0,221,11711,11614,150,5798,5,0,0
2625,0,207,11964,11364,284,5797,5,0,0
2626,0,699,11503,11026,142,5814,5,0,0
2627,0,322,11427,8693,127,5830,5,0,0
2628,0,150,14397,5235,112,5829,5,0,0
2629,0,196,10372,6145,140,5865,5,0,0
2630,0,158,12045,4473,225,25035,18,0,0
2631,0,251,10571,4413,248,6333,5,0,0
2632,0,179,11319,4571,147,5800,5,0,0
2633,0,252,12762,5466,93,5722,5,0,0
2634,0,223,10557,5520,154,5682,5,0,0
2635,0,211,9929,4945,167,5756,5,0,0
2636,0,235,9791,5564,107,5736,5,0,0
2637,0,202,11318,4523,165,5726,5,0,0
2638,0,502,10763,4537,334,5732,5,0,0
2639,0,399,9464,5032,241,5713,5,0,0
2640,0,316,10064,6643,4250,497274,356,1,0
2641,0,505,9537,4342,231,8038,6,0,0
2642,0,242,9657,4515,518,37194,27,0,0
2643,0,375,9925,4908,116,506,1,0,0
2644,0,200,9270,4262,124,1536,2,0,0
2645,0,355,8809,4340,139,272,1,0,0
2646,0,171,9627,4607,189,251,1,0,0
2647,0,523,11616,5028,102,254,1,0,0
2648,0,243,11901,5423,113,272,1,0,0
2649,0,222,12952,5561,159,291,1,0,0
2650,0,255,10226,4948,104,280,1,0,0
2651,0,225,10378,4692,136,272,1,0,0
2652,0,281,10425,4519,88,284,1,0,0
2653,0,221,13184,4607,97,281,1,0,0
2654,0,220,9939,4356,113,284,1,0,0
2655,0,248,12054,5537,123,259,1,0,0
2656,0,233,9810,4354,251,13237,10,0,0
2657,0,291,10158,4577,228,12941,10,0,0
2658,0,243,9906,4665,194,6544,5,0,0
2659,0,493,10775,4559,184,9252,7,0,0
2660,0,189,9584,4359,209,8729,7,0,0
2661,0,285,11779,4500,165,11268,9,0,0
2662,0,337,12248,5628,160,6204,5,0,0
2663,0,318,13025,4670,150,5915,5,0,0
2664,0,234,10306,4971,245,5852,5,0,0
2665,0,494,10272,4312,159,5875,5,0,0
2666,0,262,11345,5388,113,5846,5,0,0
2667,0,196,10357,4316,137,5846,5,0,0
2668,0,215,11073,4359,154,5847,5,0,0
2669,0,234,12421,4674,247,5866,5,0,0
2670,0,224,10633,4434,213,5866,5,0,0
2671,0,266,9935,4544,165,5877,5,0,0
2672,0,213,10643,4468,170,5846,5,0,0
2673,0,261,10128,4532,226,5874,5,0,0
2674,0,291,9328,4446,137,5872,5,0,0
2675,0,221,11877,4241,105,5845,5,0,0
2676,0,163,12308,4492,183,5813,5,0,0
2677,0,791,11237,4718,131,5822,5,0,0
2678,0,200,12917,4498,148,5830,5,0,0
2679,0,176,16943,6090,147,5868,5,0,0
2680,0,251,12132,6397,169,5817,5,0,0
2681,0,207,12970,5338,223,24292,18,0,0
2682,0,218,13893,5680,154,6444,5,0,0
2683,0,238,11739,4815,225,5923,5,0,0
2684,0,272,11094,4677,167,5906,5,0,0
2685,0,400,13403,5355,252,5873,5,0,0
2686,0,516,11560,5323,266,5896,5,0,0
2687,0,214,12953,6061,151,5884,5,0,0
2688,0,249,11703,6404,125,5931,5,0,0
2689,0,233,12182,5624,143,5866,5,0,0
2690,0,234,15592,5498,135,5849,5,0,0
2691,0,206,11643,5466,142,5890,5,0,0
2692,0,196,12122,5843,136,5848,5,0,0
2693,0,216,13074,4418,141,5826,5,0,0
2694,0,258,13045,5654,146,5903,5,0,0
2695,0,207,12632,5132,105,5920,5,0,0
2696,0,173,12854,5590,108,5877,5,0,0
2697,0,177,13517,5004,150,5908,5,0,0
2698,0,162,14795,5394,148,5906,5,0,0
2699,0,214,11389,5898,182,5866,5,0,0
2700,0,242,14109,6353,4048,497297,356,1,0
2701,0,228,12896,5681,151,8167,6,0,0
2702,0,205,16614,4623,314,39198,28,0,0
2703,0,222,10771,5154,74,686,1,0,0
2704,0,246,11853,5533,120,1672,2,0,0
2705,0,195,10944,4723,203,280,1,0,0
2706,0,504,8987,4523,97,297,1,0,0
2707,0,593,9272,4597,171,285,1,0,0
2708,0,254,12382,4586,137,284,1,0,0
2709,0,212,10721,4307,103,296,1,0,0
2710,0,224,10664,4990,213,276,1,0,0
2711,0,469,12316,4580,106,280,1,0,0
2712,0,298,10205,4486,187,248,1,0,0
2713,0,181,11212,4646,220,270,1,0,0
2714,0,321,10754,4505,107,275,1,0,0
2715,0,232,11510,4292,102,267,1,0,0
2716,0,206,13441,4560,235,11714,9,0,0
2717,0,444,11885,4444,171,11796,9,0,0
2718,0,448,11582,4515,156,7359,6,0,0
2719,0,225,12802,4552,166,6060,5,0,0
2720,0,315,12143,4630,235,9352,7,0,0
2721,0,327,10740,4869,133,8876,7,0,0
2722,0,185,10631,4662,150,11356,9,0,0
2723,0,166,13954,5337,129,6204,5,0,0
2724,0,210,10570,5747,142,5928,5,0,0
2725,0,228,9361,6206,140,5883,5,0,0
2726,0,193,10868,4434,231,5871,5,0,0
2727,0,239,9607,4491,208,5906,5,0,0
2728,0,195,9826,5176,165,5831,5,0,0
2729,0,171,8552,5556,210,5886,5,0,0
2730,0,195,8903,5527,128,5863,5,0,0
2731,0,216,11214,4320,153,5851,5,0,0
2732,0,187,12796,6066,142,5844,5,0,0
2733,0,172,11535,5094,168,5861,5,0,0
2734,0,207,12025,4798,146,5852,5,0,0
2735,0,270,11086,5386,140,5835,5,0,0
2736,0,192,9259,5722,111,5824,5,0,0
2737,0,171,10356,4685,304,5847,5,0,0
2738,0,230,9021,4956,429,5852,5,0,0
2739,0,448,10050,4887,245,5822,5,0,0
2740,0,217,9861,4783,168,5827,5,0,0
2741,0,251,11476,5743,173,5874,5,0,0
2742,0,214,10649,5638,140,5854,5,0,0
2743,0,231,11591,5378,141,5840,5,0,0
2744,0,216,10133,4969,157,5841,5,0,0
2745,0,238,10747,5004,161,5879,5,0,0
2746,0,235,10387,5279,140,5871,5,0,0
2747,0,170,11180,4656,205,5922,5,0,0
2748,0,229,10726,5099,166,5865,5,0,0
2749,0,237,11170,5473,148,5856,5,0,0
2750,0,211,11556,5366,149,5854,5,0,0
2751,0,238,10709,5872,181,5823,5,0,0
2752,0,187,9959,5768,133,5800,5,0,0
2753,0,271,9301,4683,107,5858,5,0,0
2754,0,210,10733,5124,154,5880,5,0,0
2755,0,209,12680,5391,154,5888,5,0,0
2756,0,201,11023,5694,228,5898,5,0,0
2757,0,241,10329,5488,156,5861,5,0,0
2758,0,224,13402,6087,132,5849,5,0,0
2759,0,222,13427,5133,271,5853,5,0,0
2760,0,237,10900,6970,3684,497010,356,1,0
2761,0,230,11292,5924,142,8122,6,0,0
2762,0,197,12078,6366,293,38717,28,0,0
2763,0,245,10417,6351,163,635,1,0,0
2764,0,214,10933,5962,110,1309,1,0,0
2765,0,243,10397,6077,113,284,1,0,0
2766,0,250,9973,5866,115,272,1,0,0
2767,0,229,13586,4785,144,257,1,0,0
2768,0,342,12008,4958,89,295,1,0,0
2769,0,204,11871,4889,89,283,1,0,0
2770,0,238,14032,5199,134,255,1,0,0
2771,0,358,12798,5031,116,270,1,0,0
2772,0,215,10381,5122,126,283,1,0,0
2773,0,539,10656,5047,144,275,1,0,0
2774,0,412,9939,5167,102,262,1,0,0
2775,0,222,11276,5091,150,260,1,0,0
2776,0,384,12196,5373,210,12473,9,0,0
2777,0,675,11983,5025,195,11111,8,0,0
2778,0,218,10902,5160,199,7390,6,0,0
2779,0,280,11046,4967,227,6135,5,0,0
2780,0,306,11878,5259,433,9400,7,0,0
2781,0,665,10043,5984,191,8866,7,0,0
2782,0,448,10842,5425,330,11425,9,0,0
2783,0,256,10513,5171,185,6179,5,0,0
2784,0,1331,10297,5213,155,5926,5,0,0
2785,0,386,12072,5301,147,5868,5,0,0
2786,0,215,10001,5182,207,5902,5,0,0
2787,0,310,10148,5370,251,5818,5,0,0
2788,0,218,10135,4880,116,5861,5,0,0
2789,0,354,11526,5862,241,5859,5,0,0
2790,0,323,11281,5087,304,5843,5,0,0
2791,0,227,10380,4925,173,5848,5,0,0
2792,0,357,12316,5492,262,24322,18,0,0
2793,0,235,10239,5405,266,6402,5,0,0
2794,0,296,10317,5283,1688,5936,5,0,0
2795,0,676,12948,6289,144,5784,5,0,0
2796,0,213,10421,5858,248,5800,5,0,0
2797,0,242,10386,5224,185,5900,5,0,0
2798,0,223,11097,5199,203,5772,5,0,0
2799,0,216,10729,5084,205,5815,5,0,0
2800,0,395,12599,5871,115,5834,5,0,0
2801,0,229,9478,5901,143,5802,5,0,0
2802,0,218,9879,6154,135,5817,5,0,0
2803,0,297,11384,6333,174,5821,5,0,0
2804,0,224,9911,5766,180,5813,5,0,0
2805,0,220,9980,6296,111,5859,5,0,0
2806,0,188,9430,6808,101,5791,5,0,0
2807,0,175,13719,5758,131,5817,5,0,0
2808,0,196,9406,5976,112,5805,5,0,0
2809,0,205,10282,6526,106,5761,5,0,0
2810,0,162,12255,5169,127,5814,5,0,0
2811,0,229,10650,5899,147,5853,5,0,0
2812,0,193,10094,5611,139,5841,5,0,0
2813,0,210,10451,6354,164,5834,5,0,0
2814,0,413,11070,5656,254,5795,5,0,0
2815,0,258,10252,12117,167,5795,5,0,0
2816,0,242,10973,11613,277,5795,5,0,0
2817,0,250,9495,14029,100,5810,5,0,0
2818,0,156,10522,11586,151,5801,5,0,0
2819,0,238,9566,11962,99,5806,5,0,0
2820,0,182,8945,12472,2797,497726,356,1,0
2821,0,230,8727,10782,414,37804,28,0,0
2822,0,237,9201,11061,96,585,1,0,0
2823,0,272,10210,10010,108,1453,2,0,0
2824,0,221,10072,5455,143,273,1,0,0
2825,0,164,8865,5085,108,283,1,0,0
2826,0,208,9011,4755,90,279,1,0,0
2827,0,237,11015,5673,121,255,1,0,0
2828,0,212,10992,4493,160,279,1,0,0
2829,0,415,9066,4204,210,301,1,0,0
2830,0,320,9088,4157,70,273,1,0,0
2831,0,137,11533,4244,593,271,1,0,0
2832,0,302,13218,5307,111,266,1,0,0
2833,0,229,10724,5017,98,247,1,0,0
2834,0,188,9708,4292,98,230,1,0,0
2835,0,197,11420,4820,108,228,1,0,0
2836,0,192,9881,5073,230,17734,13,0,0
2837,0,251,10153,4287,233,12923,10,0,0
2838,0,241,11709,4494,241,6645,5,0,0
2839,0,361,11356,4227,151,9257,7,0,0
2840,0,331,12359,4424,293,8735,7,0,0
2841,0,250,13138,4357,193,11419,9,0,0
2842,0,221,11572,4153,129,6245,5,0,0
2843,0,206,12242,4397,148,5999,5,0,0
2844,0,216,13435,4551,141,5837,5,0,0
2845,0,197,12705,4127,162,5811,5,0,0
2846,0,203,14259,4304,246,5848,5,0,0
2847,0,233,12886,4435,148,5850,5,0,0
2848,0,251,10719,4478,160,5821,5,0,0
2849,0,376,11927,4261,120,5812,5,0,0
2850,0,200,16362,5374,153,5772,5,0,0
2851,0,209,11515,4341,155,5876,5,0,0
2852,0,205,11509,4834,308,5882,5,0,0
2853,0,311,11997,4621,143,5852,5,0,0
2854,0,543,11815,4350,138,5840,5,0,0
2855,0,196,10308,4256,140,5851,5,0,0
2856,0,339,11903,4582,3283,5857,5,0,0
2857,0,264,12714,4459,198,5869,5,0,0
2858,0,239,11439,4416,147,5965,5,0,0
2859,0,405,11628,4186,136,5885,5,0,0
2860,0,621,16826,4125,166,5887,5,0,0
2861,0,332,11938,4865,117,5894,5,0,0
2862,0,168,12056,4212,165,5845,5,0,0
2863,0,236,12573,4083,143,5858,5,0,0
2864,0,248,10812,5451,134,5833,5,0,0
2865,0,219,12227,4367,146,5782,5,0,0
2866,0,193,12542,4208,151,5803,5,0,0
2867,0,356,12271,5029,231,5864,5,0,0
2868,0,215,10296,4564,363,5833,5,0,0
2869,0,556,11425,4545,524,5870,5,0,0
2870,0,337,11403,3991,247,5906,5,0,0
2871,0,252,10732,4262,147,5842,5,0,0
2872,0,243,10147,4166,154,5834,5,0,0
2873,0,178,11967,4253,171,5818,5,0,0
2874,0,190,12808,4207,242,5849,5,0,0
2875,0,247,11124,4347,160,5846,5,0,0
2876,0,436,11877,4361,194,5827,5,0,0
2877,0,302,11078,4288,476,5861,5,0,0
2878,0,401,13096,5110,169,5828,5,0,0
2879,0,251,11172,5412,123,5849,5,0,0
2880,0,199,13000,6071,3185,497281,356,1,0
2881,0,229,10599,5450,185,8396,6,0,0
2882,0,229,11625,4657,391,38105,28,0,0
2883,0,238,12162,4460,151,508,1,0,0
2884,0,271,11274,4304,156,1530,2,0,0
2885,0,299,11177,4279,118,272,1,0,0
2886,0,400,12042,4441,169,261,1,0,0
2887,0,368,11738,4307,158,268,1,0,0
2888,0,400,14799,4834,162,9761,7,0,0
2889,0,292,16913,5757,123,276,1,0,0
2890,0,311,12133,4394,109,277,1,0,0
2891,0,183,13277,4360,100,239,1,0,0
2892,0,193,13481,4442,103,253,1,0,0
2893,0,327,13173,4769,142,242,1,0,0
2894,0,398,11758,4266,119,246,1,0,0
2895,0,341,12114,4565,141,279,1,0,0
2896,0,216,11928,4795,157,9783,7,0,0
2897,0,222,12102,5654,164,5920,5,0,0
2898,0,243,11793,6240,210,13383,10,0,0
2899,0,192,12399,4685,134,6663,5,0,0
2900,0,180,16006,4979,171,9318,7,0,0
2901,0,239,12283,5443,253,8866,7,0,0
2902,0,386,12411,5368,158,11516,9,0,0
2903,0,197,14378,4583,206,6280,5,0,0
2904,0,250,12539,5445,135,5964,5,0,0
2905,0,265,11901,5647,273,5851,5,0,0
2906,0,221,11798,5800,158,5832,5,0,0
2907,0,206,13939,4135,141,5889,5,0,0
2908,0,207,15270,5259,150,5837,5,0,0
2909,0,232,14627,4860,214,5888,5,0,0
2910,0,175,14635,5524,237,5881,5,0,0
2911,0,232,12787,5310,141,5848,5,0,0
2912,0,232,13450,4215,119,5907,5,0,0
2913,0,2044,19793,4394,193,5900,5,0,0
2914,0,245,13507,5595,228,5873,5,0,0
2915,0,221,13621,4541,143,5882,5,0,0
2916,0,189,17298,5830,146,5901,5,0,0
2917,0,189,17528,5240,148,5908,5,0,0
2918,0,401,14634,4724,121,5969,5,0,0
2919,0,263,15774,5933,138,5890,5,0,0
2920,0,208,13237,4249,148,5836,5,0,0
2921,0,179,15648,5523,141,5858,5,0,0
2922,0,255,13602,5367,213,25429,19,0,0
2923,0,251,15929,5493,152,6502,5,0,0
2924,0,215,13024,5540,187,5998,5,0,0
2925,0,233,13681,5712,129,5878,5,0,0
2926,0,200,12151,5810,234,5838,5,0,0
2927,0,297,14322,6221,154,5863,5,0,0
2928,0,212,13415,4940,150,5858,5,0,0
2929,0,198,14745,5683,139,5871,5,0,0
2930,0,208,13094,4720,154,5847,5,0,0
2931,0,292,14416,6024,151,5853,5,0,0
2932,0,214,13075,5519,142,5893,5,0,0
2933,0,248,14463,5626,148,5863,5,0,0
2934,0,233,12973,5539,192,5886,5,0,0
2935,0,215,13898,6340,165,5892,5,0,0
2936,0,231,13573,5105,140,5871,5,0,0
2937,0,211,15248,6349,198,5865,5,0,0
2938,0,203,13699,5034,1059,5885,5,0,0
2939,0,268,13123,6619,310,5898,5,0,0
2940,0,297,13163,7856,3457,496937,355,1,0
2941,0,260,16322,4999,176,8112,6,0,0
2942,0,297,13735,5838,308,36581,27,0,0
2943,0,255,13340,5637,108,588,1,0,0
2944,0,193,16665,5382,234,1515,2,0,0
2945,0,448,13044,6529,135,299,1,0,0
2946,0,273,11945,6424,128,278,1,0,0
2947,0,583,16470,6792,93,289,1,0,0
2948,0,175,14698,5759,98,272,1,0,0
2949,0,205,11954,6585,165,284,1,0,0
2950,0,211,15601,6424,113,267,1,0,0
2951,0,238,12669,6766,119,274,1,0,0
2952,0,225,15139,5976,107,252,1,0,0
2953,0,218,16883,5985,101,259,1,0,0
2954,0,724,14378,5399,226,8972,7,0,0
2955,0,289,13096,6034,143,272,1,0,0
2956,0,287,14286,5332,342,9040,7,0,0
2957,0,294,13734,6219,181,14943,11,0,0
2958,0,209,12845,6722,152,9220,7,0,0
2959,0,252,14836,5187,376,6303,5,0,0
2960,0,293,13238,6340,287,9348,7,0,0
2961,0,367,12425,6311,173,8946,7,0,0
2962,0,205,13162,5689,406,11503,9,0,0
2963,0,441,14170,7276,232,6234,5,0,0
2964,0,206,16675,6184,138,5914,5,0,0
2965,0,200,12568,6061,542,5851,5,0,0
2966,0,546,14250,6769,164,5837,5,0,0
2967,0,197,13623,5154,127,5791,5,0,0
2968,0,201,15482,6427,153,5782,5,0,0
2969,0,196,14716,6110,128,5881,5,0,0
2970,0,164,12717,6128,128,5814,5,0,0
2971,0,232,11456,6892,120,5949,5,0,0
2972,0,153,14716,6828,138,5822,5,0,0
2973,0,215,12271,7010,140,5857,5,0,0
2974,0,163,13182,6017,96,5778,5,0,0
2975,0,205,12979,6238,90,5812,5,0,0
2976,0,192,12257,6492,143,5827,5,0,0
2977,0,175,11567,5846,109,5802,5,0,0
2978,0,316,10328,6984,239,5789,5,0,0
2979,0,267,11522,5685,95,5830,5,0,0
2980,0,152,13831,5878,109,5820,5,0,0
2981,0,182,11254,6290,170,5837,5,0,0
2982,0,204,10292,5376,91,5810,5,0,0
2983,0,140,9789,13495,122,5831,5,0,0
2984,0,169,10088,14382,94,5857,5,0,0
2985,0,132,9866,13875,91,5823,5,0,0
2986,0,126,11807,14134,124,5826,5,0,0
2987,0,165,10501,13140,107,5848,5,0,0
2988,0,202,11823,13540,98,5849,5,0,0
2989,0,179,10774,13762,126,5780,5,0,0
2990,0,125,13256,13608,227,5764,5,0,0
2991,0,165,10987,5395,138,5785,5,0,0
2992,0,234,12347,4687,117,5801,5,0,0
2993,0,173,9892,5585,188,5847,5,0,0
2994,0,127,12163,5409,310,25050,18,0,0
2995,0,192,14792,4163,100,6345,5,0,0
2996,0,133,12591,4029,262,5925,5,0,0
2997,0,251,12867,5127,114,5742,5,0,0
2998,0,178,13005,4613,106,5722,5,0,0
2999,0,194,11162,5086,99,5727,5,0,0
3000,0,220,12866,6665,3823,496943,355,1,0
3001,0,211,11904,4370,187,13237,10,0,0
3002,0,453,10994,4012,270,36736,27,0,0
3003,0,206,11905,5318,75,574,1,0,0
3004,0,129,12594,4020,142,1782,2,0,0
3005,0,211,11486,5041,96,268,1,0,0
3006,0,195,10158,5539,126,261,1,0,0
3007,0,350,11180,5365,101,258,1,0,0
3008,0,176,10973,5022,111,241,1,0,0
3009,0,248,12155,4049,161,256,1,0,0
3010,0,248,9936,4930,108,287,1,0,0
3011,0,201,9602,4763,96,267,1,0,0
3012,0,175,10535,5613,111,257,1,0,0
3013,0,183,11826,3967,91,275,1,0,0
3014,0,159,12734,5142,102,252,1,0,0
3015,0,247,9976,4866,89,300,1,0,0
3016,0,148,11174,3921,135,9458,7,0,0
3017,0,157,9556,4701,141,11687,9,0,0
3018,0,181,9688,4787,159,8876,7,0,0
3019,0,197,11824,4483,110,6238,5,0,0
3020,0,205,12408,3544,100,9214,7,0,0
3021,0,130,9348,4626,127,8879,7,0,0
3022,0,179,10431,5077,137,11380,9,0,0
3023,0,177,11970,4141,102,6169,5,0,0
3024,0,169,10503,4837,111,5844,5,0,0
3025,0,181,9995,4401,223,5749,5,0,0
3026,0,211,10043,4966,161,5714,5,0,0
3027,0,241,10203,4939,111,5753,5,0,0
3028,0,264,11436,4029,88,5727,5,0,0
3029,0,218,10001,4869,115,5735,5,0,0
3030,0,184,9116,4382,119,5743,5,0,0
3031,0,169,9543,4752,153,5743,5,0,0
3032,0,205,10771,5055,92,5746,5,0,0
3033,0,122,10601,3972,200,5737,5,0,0
3034,0,313,9815,3977,113,5716,5,0,0
3035,0,322,9364,3762,108,5742,5,0,0
3036,0,190,9176,3721,109,5749,5,0,0
3037,0,296,10620,4086,84,5701,5,0,0
3038,0,179,10805,5400,100,5738,5,0,0
3039,0,142,9664,5054,159,5742,5,0,0
3040,0,134,11392,3739,101,5741,5,0,0
3041,0,185,10605,4055,191,5760,5,0,0
3042,0,184,10399,3973,186,5755,5,0,0
3043,0,243,9712,3932,113,5745,5,0,0
3044,0,179,10534,4240,127,5741,5,0,0
3045,0,196,9732,4813,147,5805,5,0,0
3046,0,227,11728,4981,223,24172,18,0,0
3047,0,192,10470,3919,119,6353,5,0,0
3048,0,160,10355,4212,123,5855,5,0,0
3049,0,232,8607,4636,90,5692,5,0,0
3050,0,174,8320,3797,150,5674,5,0,0
3051,0,172,9222,4076,188,5662,5,0,0
3052,0,339,9345,3933,143,5705,5,0,0
3053,0,275,10939,4845,103,5629,5,0,0
3054,0,179,10210,5188,177,5716,5,0,0
3055,0,201,11913,4506,211,5720,5,0,0
3056,0,258,11881,4248,157,5675,5,0,0
3057,0,181,12034,4003,139,5687,5,0,0
3058,0,203,11216,4121,186,5702,5,0,0
3059,0,234,9025,3881,116,5699,5,0,0
3060,0,369,9987,4873,1606,496289,355,1,0
3061,0,158,8945,3805,138,8404,7,0,0
3062,0,179,11526,4931,206,7644,6,0,0
3063,0,266,9923,4316,1130,38211,28,0,0
3064,0,279,11166,4348,212,536,1,0,0
3065,0,233,13728,4239,124,1314,1,0,0
3066,0,246,10682,3972,101,256,1,0,0
3067,0,213,11604,3982,233,243,1,0,0
3068,0,251,12383,4306,150,248,1,0,0
3069,0,234,10885,3863,106,236,1,0,0
3070,0,298,12225,4016,108,221,1,0,0
3071,0,248,12393,3932,133,257,1,0,0
3072,0,192,12239,4406,108,250,1,0,0
3073,0,191,12288,3852,105,262,1,0,0
3074,0,192,12694,3994,119,247,1,0,0
3075,0,198,13612,3858,117,253,1,0,0
3076,0,192,10988,3966,136,9044,7,0,0
3077,0,157,13751,3986,1052,13026,10,0,0
3078,0,275,13696,4647,242,9050,7,0,0
3079,0,277,13027,4717,139,6296,5,0,0
3080,0,173,10759,5087,110,9386,7,0,0
3081,0,180,11074,4603,151,8901,7,0,0
3082,0,211,12464,3964,129,11518,9,0,0
3083,0,186,12254,3902,139,6174,5,0,0
3084,0,180,12848,4217,369,5806,5,0,0
3085,0,265,9032,3943,140,5760,5,0,0
3086,0,164,10917,4435,129,5737,5,0,0
3087,0,187,11666,3886,318,5829,5,0,0
3088,0,333,11612,5044,367,5839,5,0,0
3089,0,357,12374,5060,141,5809,5,0,0
3090,0,225,11307,4985,127,5784,5,0,0
3091,0,216,11586,4035,168,5808,5,0,0
3092,0,235,11026,4195,230,5747,5,0,0
3093,0,243,11642,4226,226,5767,5,0,0
3094,0,280,11535,4798,164,5781,5,0,0
3095,0,213,10438,5319,198,5767,5,0,0
3096,0,290,10921,5584,114,5744,5,0,0
3097,0,158,11086,5418,149,5796,5,0,0
3098,0,197,9676,4925,144,5771,5,0,0
3099,0,220,9872,5703,100,5912,5,0,0
3100,0,138,10540,3797,515,5787,5,0,0
3101,0,445,10359,4257,167,5800,5,0,0
3102,0,668,12404,4522,233,5827,5,0,0
3103,0,304,10160,4472,156,5810,5,0,0
3104,0,440,13115,4828,165,5797,5,0,0
3105,0,278,10843,4559,193,5781,5,0,0
3106,0,256,9816,4299,192,5773,5,0,0
3107,0,419,11270,4353,164,5815,5,0,0
3108,0,247,9669,4452,165,5813,5,0,0
3109,0,221,10361,4594,308,5837,5,0,0
3110,0,212,9335,5116,252,5813,5,0,0
3111,0,382,10080,5177,103,5793,5,0,0
3112,0,167,9198,5380,145,5773,5,0,0
3113,0,204,9601,6154,104,5727,5,0,0
3114,0,184,11378,4527,182,5734,5,0,0
3115,0,220,9106,4276,117,5790,5,0,0
3116,0,189,8487,4525,154,5784,5,0,0
3117,0,237,9301,4854,199,5801,5,0,0
3118,0,401,11808,4616,178,5790,5,0,0
3119,0,219,11850,5097,154,5783,5,0,0
3120,0,194,8825,6359,6849,496506,355,1,0
3121,0,219,8737,5762,168,8378,6,0,0
3122,0,174,8637,5785,380,38676,28,0,0
3123,0,205,11390,4646,117,689,1,0,0
3124,0,190,9397,4338,90,1641,2,0,0
3125,0,158,8349,4489,119,257,1,0,0
3126,0,444,9046,4717,87,264,1,0,0
3127,0,180,9990,4712,77,251,1,0,0
3128,0,131,8231,5316,101,253,1,0,0
3129,0,197,8640,4597,140,217,1,0,0
3130,0,182,10344,4442,139,249,1,0,0
3131,0,172,10606,5208,89,195,1,0,0
3132,0,240,12152,4401,126,241,1,0,0
3133,0,208,10428,4554,100,253,1,0,0
3134,0,180,9950,5345,78,260,1,0,0
3135,0,170,10276,5439,69,228,1,0,0
3136,0,208,11602,4995,159,13054,10,0,0
3137,0,406,11885,4492,192,11148,8,0,0
3138,0,225,10418,4595,174,7473,6,0,0
3139,0,335,10281,4599,197,6146,5,0,0
3140,0,265,9986,4513,343,9409,7,0,0
3141,0,295,9743,4493,146,8864,7,0,0
3142,0,246,11727,6024,158,11423,9,0,0
3143,0,329,10708,5509,112,6250,5,0,0
3144,0,193,12006,5143,144,5922,5,0,0
3145,0,176,11782,5642,144,5908,5,0,0
3146,0,441,11711,5594,146,5901,5,0,0
3147,0,213,10284,5328,214,5853,5,0,0
3148,0,228,11365,5972,100,5886,5,0,0
3149,0,139,12826,5599,93,5933,5,0,0
3150,0,145,12193,4534,136,5910,5,0,0
3151,0,392,11716,5528,143,5921,5,0,0
3152,0,212,12059,6132,138,5868,5,0,0
3153,0,179,12616,4687,175,5886,5,0,0
3154,0,275,12518,5772,144,5892,5,0,0
3155,0,232,10881,6038,148,5859,5,0,0
3156,0,179,12078,5316,130,5863,5,0,0
3157,0,200,11448,5994,88,5850,5,0,0
3158,0,232,12366,5639,168,5848,5,0,0
3159,0,216,10651,5805,149,5857,5,0,0
3160,0,411,14878,5097,164,5870,5,0,0
3161,0,271,12136,4712,130,5855,5,0,0
3162,0,294,12233,5773,103,5870,5,0,0
3163,0,218,12451,4912,141,5900,5,0,0
3164,0,543,12177,6070,203,5885,5,0,0
3165,0,205,14883,4736,315,24453,18,0,0
3166,0,251,12763,7352,108,6487,5,0,0
3167,0,175,10285,6377,228,5979,5,0,0
3168,0,265,10003,6497,162,5905,5,0,0
3169,0,391,11142,5567,116,5853,5,0,0
3170,0,207,11136,5904,188,5826,5,0,0
3171,0,158,11563,4891,248,5784,5,0,0
3172,0,151,10815,6390,201,5775,5,0,0
3173,0,296,10788,5468,139,5816,5,0,0
3174,0,210,9683,6036,104,5802,5,0,0
3175,0,125,13068,4511,109,5845,5,0,0
3176,0,181,11398,6170,142,5831,5,0,0
3177,0,226,11396,5671,94,5821,5,0,0
3178,0,135,9737,4789,330,5820,5,0,0
3179,0,250,10767,5264,273,5830,5,0,0
3180,0,189,12762,6284,1955,496991,355,1,0
3181,0,162,11481,5406,155,8164,6,0,0
3182,0,220,11652,5843,473,38747,28,0,0
3183,0,272,12057,5361,124,638,1,0,0
3184,0,209,9644,4816,103,1525,2,0,0
3185,0,220,10815,5463,85,255,1,0,0
3186,0,175,9026,6353,66,236,1,0,0
3187,0,150,11509,4357,131,235,1,0,0
3188,0,210,10553,5358,185,253,1,0,0
3189,0,299,9942,5947,119,253,1,0,0
3190,0,197,9106,6214,96,248,1,0,0
3191,0,179,14087,4778,173,247,1,0,0
3192,0,482,10137,5394,116,253,1,0,0
3193,0,206,9866,5565,118,264,1,0,0
3194,0,182,9828,6299,94,274,1,0,0
3195,0,215,11721,4767,118,260,1,0,0
3196,0,197,10102,5717,124,12495,9,0,0
3197,0,181,10257,5690,203,11342,9,0,0
3198,0,270,9708,4775,144,7406,6,0,0
3199,0,201,10175,5200,143,6101,5,0,0
3200,0,208,9203,5169,175,9314,7,0,0
3201,0,174,11363,5860,208,8790,7,0,0
3202,0,188,10232,4719,193,11412,9,0,0
3203,0,228,14568,5230,128,6105,5,0,0
3204,0,381,11839,5618,203,5857,5,0,0
3205,0,168,10823,5220,150,5811,5,0,0
3206,0,189,9557,5880,193,5832,5,0,0
3207,0,254,9461,5688,193,5813,5,0,0
3208,0,185,9420,5951,109,5802,5,0,0
3209,0,187,9279,5697,109,5795,5,0,0
3210,0,182,8976,6231,139,5795,5,0,0
3211,0,185,12237,5694,116,5766,5,0,0
3212,0,171,10513,6552,148,5767,5,0,0
3213,0,210,11174,5665,145,5790,5,0,0
3214,0,213,10649,6471,96,5781,5,0,0
3215,0,164,11614,5798,171,5814,5,0,0
3216,0,240,10088,5908,89,5784,5,0,0
3217,0,147,12130,5441,148,5783,5,0,0
3218,0,228,8555,5610,174,5825,5,0,0
3219,0,203,8850,5962,91,5836,5,0,0
3220,0,262,11426,5929,165,5834,5,0,0
3221,0,266,11338,5704,138,5812,5,0,0
3222,0,205,9215,5602,119,5827,5,0,0
3223,0,193,8611,6223,117,5791,5,0,0
3224,0,252,9658,5744,187,5811,5,0,0
3225,0,187,11240,5407,126,5803,5,0,0
3226,0,260,8627,4926,98,5829,5,0,0
3227,0,168,9097,6277,119,5806,5,0,0
3228,0,230,8846,5554,274,5815,5,0,0
3229,0,209,15713,5810,279,5911,5,0,0
3230,0,263,9695,5424,301,5813,5,0,0
3231,0,228,9325,5592,183,5745,5,0,0
3232,0,267,12609,5652,148,5730,5,0,0
3233,0,217,11262,6702,103,5739,5,0,0
3234,0,166,10817,5696,137,5747,5,0,0
3235,0,415,12113,4922,295,5830,5,0,0
3236,0,307,9967,5119,154,5819,5,0,0
3237,0,266,10955,4994,161,5765,5,0,0
3238,0,276,10876,4947,119,5772,5,0,0
3239,0,206,9436,4825,158,5801,5,0,0
3240,0,209,11938,6702,3841,496816,355,1,0
3241,0,241,9854,5881,111,8255,6,0,0
3242,0,208,10085,5819,353,37680,27,0,0
3243,0,285,10083,5481,147,581,1,0,0
3244,0,305,10552,5091,226,1581,2,0,0
3245,0,345,13157,5403,103,239,1,0,0
3246,0,232,9918,5870,105,244,1,0,0
3247,0,201,10380,5144,126,236,1,0,0
3248,0,227,10537,5077,105,232,1,0,0
3249,0,259,11290,5777,110,248,1,0,0
3250,0,263,10316,4853,95,255,1,0,0
3251,0,228,11072,5972,103,244,1,0,0
3252,0,220,10845,6531,101,247,1,0,0
3253,0,198,11246,5978,108,257,1,0,0
3254,0,401,11898,5194,185,256,1,0,0
3255,0,1590,13749,5561,109,286,1,0,0
3256,0,276,10429,5391,161,13433,10,0,0
3257,0,204,10167,6121,177,12813,10,0,0
3258,0,202,16283,6420,156,6556,5,0,0
3259,0,223,11807,6231,139,9228,7,0,0
3260,0,220,11515,6289,172,8704,7,0,0
3261,0,240,13014,7024,195,11348,9,0,0
3262,0,215,11477,6610,197,6223,5,0,0
3263,0,213,13550,4943,188,5918,5,0,0
3264,0,220,11468,6072,200,24344,18,0,0
3265,0,207,9571,5780,166,6425,5,0,0
3266,0,222,11189,6130,175,5949,5,0,0
3267,0,252,10074,5650,149,5900,5,0,0
3268,0,204,11391,6324,138,5851,5,0,0
3269,0,190,11370,5859,139,5895,5,0,0
3270,0,307,10395,5405,136,5846,5,0,0
3271,0,217,14045,5499,427,5827,5,0,0
3272,0,401,10846,5381,594,5874,5,0,0
3273,0,265,10616,5187,246,5836,5,0,0
3274,0,351,11902,6371,145,5842,5,0,0
3275,0,214,10228,5956,104,5855,5,0,0
3276,0,171,10157,6296,140,5847,5,0,0
3277,0,180,13946,6262,293,5868,5,0,0
3278,0,410,11924,5033,159,5871,5,0,0
3279,0,217,9802,5917,132,5874,5,0,0
3280,0,230,9559,6721,154,5871,5,0,0
3281,0,290,11996,5178,166,5854,5,0,0
3282,0,240,11072,5966,199,5895,5,0,0
3283,0,314,11199,6180,144,5871,5,0,0
3284,0,244,10770,6358,121,5857,5,0,0
3285,0,187,11038,5707,184,5931,5,0,0
3286,0,211,10197,5350,170,5873,5,0,0
3287,0,210,9895,5823,155,5811,5,0,0
3288,0,197,9720,5956,116,5801,5,0,0
3289,0,191,10184,5922,137,5810,5,0,0
3290,0,237,9798,5636,182,5808,5,0,0
3291,0,276,12229,6389,229,5898,5,0,0
3292,0,238,9828,6018,151,5817,5,0,0
3293,0,225,9470,5098,152,5844,5,0,0
3294,0,221,10100,5227,131,5862,5,0,0
3295,0,213,11019,4949,288,5869,5,0,0
3296,0,259,10718,5430,203,5863,5,0,0
3297,0,267,10150,5839,827,5873,5,0,0
3298,0,260,10991,5427,315,5847,5,0,0
3299,0,407,10742,5949,166,5839,5,0,0
3300,0,266,12672,7719,5224,496252,355,1,0
3301,0,226,9985,9874,317,44278,32,0,0
3302,0,232,10200,11844,76,1207,1,0,0
3303,0,153,12301,12471,186,8289,6,0,0
3304,0,201,11453,11972,117,1861,2,0,0
3305,0,297,9119,12226,149,2839,3,0,0
3306,0,225,11142,10652,106,293,1,0,0
3307,0,240,10900,12360,167,274,1,0,0
3308,0,257,10634,12600,113,271,1,0,0
3309,0,309,12373,11123,85,267,1,0,0
3310,0,216,15879,4537,120,301,1,0,0
3311,0,295,11291,4756,154,277,1,0,0
3312,0,304,11484,4487,115,277,1,0,0
3313,0,252,12792,5311,116,243,1,0,0
3314,0,316,9932,5497,107,263,1,0,0
3315,0,238,10631,4497,146,248,1,0,0
3316,0,497,10978,4814,287,14075,11,0,0
3317,0,407,11475,4422,254,4502,4,0,0
3318,0,356,12646,4469,220,13406,10,0,0
3319,0,199,11021,5246,174,6774,5,0,0
3320,0,232,10205,4419,155,9292,7,0,0
3321,0,304,10628,4530,188,8929,7,0,0
3322,0,228,11037,4333,380,11480,9,0,0
3323,0,260,10993,5306,203,6258,5,0,0
3324,0,262,11176,5046,157,5942,5,0,0
3325,0,249,10738,5487,150,5883,5,0,0
3326,0,260,11634,6228,126,5889,5,0,0
3327,0,382,14561,4465,281,5888,5,0,0
3328,0,191,10393,4256,243,5908,5,0,0
3329,0,291,10079,4409,163,5902,5,0,0
3330,0,269,9493,4252,96,5895,5,0,0
3331,0,176,11619,4415,134,5898,5,0,0
3332,0,198,11136,4730,184,5852,5,0,0
3333,0,267,12522,4269,161,5892,5,0,0
3334,0,318,10317,4562,139,5894,5,0,0
3335,0,187,9911,5057,155,5919,5,0,0
3336,0,194,11878,4340,255,5905,5,0,0
3337,0,222,9957,4267,251,23537,17,0,0
3338,0,231,10872,4428,141,6484,5,0,0
3339,0,212,13202,4362,140,5862,5,0,0
3340,0,327,10955,4487,389,5892,5,0,0
3341,0,255,11682,4846,247,5854,5,0,0
3342,0,335,12644,4613,159,5834,5,0,0
3343,0,257,10125,5234,144,5811,5,0,0
3344,0,204,9188,4360,194,5764,5,0,0
3345,0,216,10454,4380,270,5760,5,0,0
3346,0,1010,10270,4556,127,5815,5,0,0
3347,0,170,12388,4481,134,5726,5,0,0
3348,0,202,10882,4319,363,5826,5,0,0
3349,0,973,13371,4529,167,5825,5,0,0
3350,0,243,10935,4502,164,5795,5,0,0
3351,0,278,11169,5692,1722,5928,5,0,0
3352,0,521,12396,4721,170,5832,5,0,0
3353,0,237,10639,4372,140,5811,5,0,0
3354,0,285,12257,4506,146,5818,5,0,0
3355,0,253,11953,4767,156,5813,5,0,0
3356,0,502,10848,4356,153,5829,5,0,0
3357,0,416,10231,4670,232,5824,5,0,0
3358,0,1613,12349,5255,187,5813,5,0,0
3359,0,207,8943,4753,140,5754,5,0,0
3360,0,288,10544,5659,6421,517085,370,1,0
3361,0,244,11598,5523,149,8860,7,0,0
3362,0,198,11608,5515,448,67432,49,0,0
3363,0,263,12491,4720,359,25311,19,0,0
3364,0,333,11429,4554,171,1808,2,0,0
3365,0,327,10225,4694,114,2148,2,0,0
3366,0,190,11998,4913,258,3236,3,0,0
3367,0,199,12265,5429,87,190,1,0,0
3368,0,208,12365,4490,155,262,1,0,0
3369,0,299,10525,4919,181,260,1,0,0
3370,0,269,10590,4601,123,258,1,0,0
3371,0,322,12089,4420,124,275,1,0,0
3372,0,401,9499,4370,89,263,1,0,0
3373,0,258,11327,4591,167,269,1,0,0
3374,0,467,11644,4676,144,262,1,0,0
3375,0,343,9304,4310,270,279,1,0,0
3376,0,236,9823,4008,88,282,1,0,0
3377,0,255,9097,4398,140,277,1,0,0
3378,0,243,9769,4384,177,16725,12,0,0
3379,0,194,11537,4432,191,15612,12,0,0
3380,0,427,13786,4595,221,15360,11,0,0
3381,0,222,11077,4564,182,7587,6,0,0
3382,0,200,10370,4567,209,6104,5,0,0
3383,0,952,10845,4445,308,9446,7,0,0
3384,0,244,10946,4921,154,8860,7,0,0
3385,0,231,9684,4492,249,11366,9,0,0
3386,0,290,9831,4288,144,6251,5,0,0
3387,0,253,12807,4539,153,5898,5,0,0
3388,0,236,11384,4942,163,5866,5,0,0
3389,0,192,11655,4349,146,5846,5,0,0
3390,0,199,13030,4277,140,5847,5,0,0
3391,0,217,10774,5056,187,5832,5,0,0
3392,0,236,10433,5467,146,5827,5,0,0
3393,0,210,10907,5375,109,5890,5,0,0
3394,0,235,13344,5582,131,5867,5,0,0
3395,0,179,12773,4316,124,5864,5,0,0
3396,0,281,12414,5229,147,5811,5,0,0
3397,0,235,10189,5381,160,5787,5,0,0
3398,0,229,10021,4743,125,5807,5,0,0
3399,0,206,13009,5726,147,5825,5,0,0
3400,0,230,10454,5853,188,5809,5,0,0
3401,0,301,12201,5336,123,5843,5,0,0
3402,0,195,12091,4746,237,5862,5,0,0
3403,0,320,10252,4385,194,5860,5,0,0
3404,0,282,10826,4441,166,5844,5,0,0
3405,0,203,11414,4624,167,5856,5,0,0
3406,0,229,11452,4565,244,5881,5,0,0
3407,0,206,10192,4606,231,5837,5,0,0
3408,0,221,11277,4685,136,5844,5,0,0
3409,0,201,10108,4386,218,5945,5,0,0
3410,0,253,10815,4531,162,5811,5,0,0
3411,0,756,11193,5110,148,5800,5,0,0
3412,0,194,11864,5173,249,5784,5,0,0
3413,0,425,9994,6006,145,5862,5,0,0
3414,0,257,10757,4811,174,5817,5,0,0
3415,0,273,11354,4978,152,5740,5,0,0
3416,0,408,9774,4922,128,5861,5,0,0
3417,0,191,10579,4913,137,5826,5,0,0
3418,0,267,13489,5141,210,5813,5,0,0
3419,0,265,11772,4860,125,5837,5,0,0
3420,0,258,10819,8357,5411,496384,355,1,0
3421,0,220,14053,5042,233,8361,6,0,0
3422,0,247,10193,5552,317,39698,29,0,0
3423,0,204,10181,4831,118,594,1,0,0
3424,0,325,10840,5229,134,1637,2,0,0
3425,0,222,10697,5934,109,272,1,0,0
3426,0,216,10114,6047,95,267,1,0,0
3427,0,299,9916,6315,103,251,1,0,0
3428,0,200,11265,6317,82,253,1,0,0
3429,0,175,13447,4912,122,243,1,0,0
3430,0,236,12171,6169,177,9733,7,0,0
3431,0,228,12352,6946,103,305,1,0,0
3432,0,166,13627,5720,100,303,1,0,0
3433,0,211,12545,5593,106,265,1,0,0
3434,0,185,12709,6350,85,282,1,0,0
3435,0,212,11766,5813,99,242,1,0,0
3436,0,208,13275,5351,264,10037,8,0,0
3437,0,300,13238,6901,205,5932,5,0,0
3438,0,196,15229,6307,311,13435,10,0,0
3439,0,248,13622,5099,152,6639,5,0,0
3440,0,260,13544,6224,155,9259,7,0,0
3441,0,271,12675,6402,237,8832,7,0,0
3442,0,315,12767,6340,162,11501,9,0,0
3443,0,200,12165,5218,140,6310,5,0,0
3444,0,169,13246,6313,155,6021,5,0,0
3445,0,243,12714,6943,161,5909,5,0,0
3446,0,210,14776,6384,142,5880,5,0,0
3447,0,227,15656,5088,202,5884,5,0,0
3448,0,326,13517,6906,178,5882,5,0,0
3449,0,342,15493,5484,169,5898,5,0,0
3450,0,204,12921,6618,123,5877,5,0,0
3451,0,159,17821,5389,160,5830,5,0,0
3452,0,193,15225,7047,140,5845,5,0,0
3453,0,208,15132,11505,143,5867,5,0,0
3454,0,234,13838,11053,132,5923,5,0,0
3455,0,171,13238,12683,102,5861,5,0,0
3456,0,162,13182,11438,605,5872,5,0,0
3457,0,379,13727,11993,117,5919,5,0,0
3458,0,276,13473,12020,103,5902,5,0,0
3459,0,215,15456,11574,201,5873,5,0,0
3460,0,348,12816,11658,176,5863,5,0,0
3461,0,258,13698,5176,144,5891,5,0,0
3462,0,218,13987,5727,185,5844,5,0,0
3463,0,407,13294,4554,128,5895,5,0,0
3464,0,177,13788,5524,238,5992,5,0,0
3465,0,262,12049,5482,167,5878,5,0,0
3466,0,229,14528,5648,140,5847,5,0,0
3467,0,180,16055,5681,149,5863,5,0,0
3468,0,214,13052,4165,142,5903,5,0,0
3469,0,162,17277,5490,148,5870,5,0,0
3470,0,196,13451,4319,116,5871,5,0,0
3471,0,213,14279,5173,117,5903,5,0,0
3472,0,234,11910,5109,153,5904,5,0,0
3473,0,246,12565,6053,120,5878,5,0,0
3474,0,151,15164,5604,137,5889,5,0,0
3475,0,219,12848,4575,127,5885,5,0,0
3476,0,263,18017,4254,155,5871,5,0,0
3477,0,245,13633,5046,129,5862,5,0,0
3478,0,206,13411,5075,132,5862,5,0,0
3479,0,197,17319,5459,123,5902,5,0,0
3480,0,254,13210,5920,4732,495657,355,1,0
3481,0,319,12662,5994,172,13347,10,0,0
3482,0,190,12094,5318,381,39398,29,0,0
3483,0,182,14911,5401,135,552,1,0,0
3484,0,281,13613,5481,122,1622,2,0,0
3485,0,212,15120,4081,124,281,1,0,0
3486,0,277,13924,5525,119,270,1,0,0
3487,0,281,14282,5504,124,256,1,0,0
3488,0,202,15523,5965,122,262,1,0,0
3489,0,191,17377,5811,102,288,1,0,0
3490,0,201,15004,4982,112,281,1,0,0
3491,0,253,17665,5069,416,274,1,0,0
3492,0,251,12421,5159,109,280,1,0,0
3493,0,204,12108,5195,122,257,1,0,0
3494,0,241,14699,4624,94,275,1,0,0
3495,0,192,14814,5404,163,280,1,0,0
3496,0,225,11742,4923,135,9066,7,0,0
3497,0,364,13315,5283,210,13351,10,0,0
3498,0,193,14205,4267,248,9000,7,0,0
3499,0,327,12093,5344,144,6275,5,0,0
3500,0,243,12648,5420,166,9286,7,0,0
3501,0,252,13947,5328,162,8885,7,0,0
3502,0,203,14286,4536,409,11518,9,0,0
3503,0,316,12807,4845,165,6170,5,0,0
3504,0,646,11991,5232,143,5833,5,0,0
3505,0,430,11746,5462,147,5816,5,0,0
3506,0,216,11575,5547,136,5828,5,0,0
3507,0,323,12302,5316,145,5848,5,0,0
3508,0,219,14140,4543,203,5764,5,0,0
3509,0,750,11477,4480,135,5825,5,0,0
3510,0,255,15079,5441,200,5788,5,0,0
3511,0,291,12209,5167,133,5793,5,0,0
3512,0,157,11409,4744,140,5767,5,0,0
3513,0,176,13904,5090,132,5797,5,0,0
3514,0,268,11188,5215,150,5770,5,0,0
3515,0,234,11733,5846,132,5789,5,0,0
3516,0,221,13103,5307,160,5759,5,0,0
3517,0,212,11977,4346,167,5800,5,0,0
3518,0,551,10647,4069,115,5766,5,0,0
3519,0,211,13486,6036,115,5792,5,0,0
3520,0,256,13685,4459,178,5913,5,0,0
3521,0,329,12586,4385,310,5812,5,0,0
3522,0,386,14911,5202,143,5780,5,0,0
3523,0,232,11331,5978,144,5808,5,0,0
3524,0,214,10906,5301,137,5828,5,0,0
3525,0,229,11934,5397,238,24311,18,0,0
3526,0,207,11211,5628,144,6377,5,0,0
3527,0,234,10493,4576,167,5859,5,0,0
3528,0,243,12280,5050,130,5711,5,0,0
3529,0,230,11055,5315,160,5705,5,0,0
3530,0,254,10300,5135,140,5702,5,0,0
3531,0,292,11316,5831,150,5757,5,0,0
3532,0,235,10908,5317,135,5727,5,0,0
3533,0,264,10177,5489,141,5751,5,0,0
3534,0,223,10783,5447,191,5737,5,0,0
3535,0,284,14957,4422,247,5703,5,0,0
3536,0,230,12014,4160,137,5732,5,0,0
3537,0,170,13249,4459,329,5680,5,0,0
3538,0,411,16757,5379,182,5703,5,0,0
3539,0,236,13980,4422,164,5722,5,0,0
3540,0,262,10060,5977,6833,496602,355,1,0
3541,0,239,12412,4437,161,8279,6,0,0
3542,0,210,11827,4441,326,37725,27,0,0
3543,0,326,10630,4145,92,612,1,0,0
3544,0,180,11338,4057,111,1518,2,0,0
3545,0,183,10718,4882,98,289,1,0,0
3546,0,208,11502,4571,105,299,1,0,0
3547,0,267,13100,4363,113,250,1,0,0
3548,0,372,9309,4414,107,287,1,0,0
3549,0,303,12053,5192,73,216,1,0,0
3550,0,171,10709,4437,152,275,1,0,0
3551,0,215,10666,4349,118,280,1,0,0
3552,0,241,10821,4539,182,281,1,0,0
3553,0,350,9826,4490,113,241,1,0,0
3554,0,219,12531,4376,99,215,1,0,0
3555,0,170,11665,4310,88,233,1,0,0
3556,0,182,12493,4284,942,13293,10,0,0
3557,0,231,10705,5101,175,12864,10,0,0
3558,0,188,9837,5490,149,6575,5,0,0
3559,0,254,10326,6187,210,9207,7,0,0
3560,0,183,10557,6330,183,8796,7,0,0
3561,0,191,11212,6631,169,11386,9,0,0
3562,0,178,11899,5177,355,6247,5,0,0
3563,0,533,12169,5118,263,5983,5,0,0
3564,0,240,10676,5128,202,5873,5,0,0
3565,0,241,11674,5257,151,5860,5,0,0
3566,0,238,10910,5151,180,5860,5,0,0
3567,0,447,13055,5382,155,5812,5,0,0
3568,0,268,11559,5024,110,5821,5,0,0
3569,0,191,12086,5944,152,5828,5,0,0
3570,0,224,10519,5787,184,5833,5,0,0
3571,0,205,11110,6225,146,5814,5,0,0
3572,0,344,10621,6055,145,5848,5,0,0
3573,0,212,13072,6175,151,5864,5,0,0
3574,0,241,11095,6030,136,5848,5,0,0
3575,0,244,11958,6498,188,5838,5,0,0
3576,0,263,12994,5297,667,5851,5,0,0
3577,0,301,10848,5202,195,5892,5,0,0
3578,0,492,11677,6368,146,5846,5,0,0
3579,0,394,14623,6742,138,5858,5,0,0
3580,0,201,11854,6497,147,5871,5,0,0
3581,0,201,12453,6107,498,5994,5,0,0
3582,0,883,12229,6373,142,5839,5,0,0
3583,0,205,12516,6306,172,5853,5,0,0
3584,0,438,12528,5215,155,5851,5,0,0
3585,0,213,10790,4971,201,5810,5,0,0
3586,0,239,11114,4999,237,5815,5,0,0
3587,0,518,11279,5189,223,5845,5,0,0
3588,0,210,10011,5193,302,5865,5,0,0
3589,0,232,9486,5660,179,5865,5,0,0
3590,0,392,10088,5302,150,5897,5,0,0
3591,0,290,11181,5224,253,5855,5,0,0
3592,0,341,10323,5007,162,5883,5,0,0
3593,0,226,10477,5651,137,5815,5,0,0
3594,0,195,9832,6408,248,5840,5,0,0
3595,0,321,11171,6200,136,5841,5,0,0
3596,0,218,12650,5776,147,5853,5,0,0
3597,0,312,11864,5294,199,5841,5,0,0
3598,0,216,11749,5069,165,5828,5,0,0
3599,0,249,9906,6264,170,5829,5,0,0
3600,0,180,12448,6702,2970,496520,355,1,0
3601,0,211,11983,6084,196,13674,10,0,0
3602,0,197,12298,5740,520,37823,28,0,0
3603,0,257,11236,5155,128,577,1,0,0
3604,0,378,11946,5175,133,1628,2,0,0
3605,0,214,11133,5930,113,293,1,0,0
3606,0,249,10935,6460,94,262,1,0,0
3607,0,186,12047,5355,129,266,1,0,0
3608,0,332,10719,6073,363,284,1,0,0
3609,0,275,10125,5377,111,283,1,0,0
3610,0,230,9696,5279,196,255,1,0,0
3611,0,268,10584,5283,114,239,1,0,0
3612,0,215,9445,6218,185,236,1,0,0
3613,0,430,12033,9698,174,232,1,0,0
3614,0,215,9308,10551,99,250,1,0,0
3615,0,215,10252,12231,125,252,1,0,0
3616,0,256,9246,12566,160,9061,7,0,0
3617,0,269,12093,11503,165,13012,10,0,0
3618,0,224,11600,11635,136,8982,7,0,0
3619,0,199,12088,5510,157,6259,5,0,0
3620,0,232,10456,3818,227,25520,19,0,0
3621,0,194,11719,3873,131,9250,7,0,0
3622,0,183,10799,3820,239,11544,9,0,0
3623,0,252,10982,3917,196,6183,5,0,0
3624,0,345,12319,4033,273,5845,5,0,0
3625,0,348,10448,3987,141,5789,5,0,0
3626,0,218,13140,4827,139,5714,5,0,0
3627,0,282,11613,5126,131,5783,5,0,0
3628,0,189,10187,4796,134,5783,5,0,0
3629,0,211,13587,4587,130,5811,5,0,0
3630,0,182,12841,4001,125,5775,5,0,0
3631,0,202,12793,4607,168,5815,5,0,0
3632,0,198,13160,3800,139,5796,5,0,0
3633,0,252,11388,4412,145,5841,5,0,0
3634,0,204,10697,4746,124,5844,5,0,0
3635,0,161,9558,5235,142,5821,5,0,0
3636,0,205,11581,4747,146,5839,5,0,0
3637,0,184,9483,5087,147,5825,5,0,0
3638,0,208,9553,3948,152,5843,5,0,0
3639,0,212,10918,4006,143,5861,5,0,0
3640,0,289,11446,3807,131,5812,5,0,0
3641,0,170,12139,4917,108,5709,5,0,0
3642,0,158,10051,4781,125,5796,5,0,0
3643,0,191,10994,4677,121,5877,5,0,0
3644,0,178,10877,3734,155,5810,5,0,0
3645,0,785,12091,3997,144,5838,5,0,0
3646,0,235,11127,3960,149,5825,5,0,0
3647,0,259,10782,3876,105,5821,5,0,0
3648,0,227,12040,4374,253,5789,5,0,0
3649,0,245,10077,3764,130,5795,5,0,0
3650,0,177,14030,4125,202,5749,5,0,0
3651,0,337,12169,3687,128,5817,5,0,0
3652,0,174,11672,3877,165,5762,5,0,0
3653,0,299,11757,3845,153,5789,5,0,0
3654,0,179,10640,3779,139,5797,5,0,0
3655,0,254,10765,3672,158,5785,5,0,0
3656,0,195,10711,3859,138,5806,5,0,0
3657,0,201,14240,3959,166,5790,5,0,0
3658,0,224,10431,3890,220,5809,5,0,0
3659,0,279,8972,3822,148,5789,5,0,0
3660,0,215,9966,5153,3286,495708,355,1,0
3661,0,308,10682,3911,224,24788,18,0,0
3662,0,213,11390,4578,266,38173,28,0,0
3663,0,191,11369,4935,78,609,1,0,0
3664,0,200,10876,4969,97,1281,1,0,0
3665,0,179,10627,4533,92,280,1,0,0
3666,0,209,12382,3436,129,288,1,0,0
3667,0,216,12028,4776,114,307,1,0,0
3668,0,207,11352,5059,180,282,1,0,0
3669,0,301,11464,4623,123,252,1,0,0
3670,0,284,12422,4674,89,219,1,0,0
3671,0,218,11839,5152,110,228,1,0,0
3672,0,231,12377,5069,109,244,1,0,0
3673,0,212,14147,4354,83,245,1,0,0
3674,0,186,12607,4917,105,266,1,0,0
3675,0,235,11952,5549,145,265,1,0,0
3676,0,223,12713,5225,153,9295,7,0,0
3677,0,179,15069,4462,116,4008,3,0,0
3678,0,214,11235,4803,166,13428,10,0,0
3679,0,236,15697,3824,139,6644,5,0,0
3680,0,181,14249,4631,155,9241,7,0,0
3681,0,225,11688,5766,136,8784,7,0,0
3682,0,201,12852,4693,174,11423,9,0,0
3683,0,204,14823,3928,129,6231,5,0,0
3684,0,195,14275,3992,169,5949,5,0,0
3685,0,336,11971,4186,183,5832,5,0,0
3686,0,222,14837,4663,131,5848,5,0,0
3687,0,186,14433,5071,141,5868,5,0,0
3688,0,199,13967,3882,169,5876,5,0,0
3689,0,217,14330,5007,150,5860,5,0,0
3690,0,259,13506,3908,154,5847,5,0,0
3691,0,201,15224,5129,122,5862,5,0,0
3692,0,201,12933,4674,144,5896,5,0,0
3693,0,188,15298,5431,112,5885,5,0,0
3694,0,181,17784,4841,196,5858,5,0,0
3695,0,181,12338,3831,122,5879,5,0,0
3696,0,171,12413,4893,113,5907,5,0,0
3697,0,192,10685,4934,217,23349,17,0,0
3698,0,206,12863,3994,113,6373,5,0,0
3699,0,169,13892,5321,199,5887,5,0,0
3700,0,279,13152,3654,122,5779,5,0,0
3701,0,174,11788,4879,140,5819,5,0,0
3702,0,187,13780,4798,218,5806,5,0,0
3703,0,334,14693,5151,140,5867,5,0,0
3704,0,204,11387,5542,139,5834,5,0,0
3705,0,191,12833,3682,102,5910,5,0,0
3706,0,151,15010,4660,105,5816,5,0,0
3707,0,207,12148,5343,112,5819,5,0,0
3708,0,155,12999,5100,116,5785,5,0,0
3709,0,186,12115,4972,109,5804,5,0,0
3710,0,151,12458,3463,91,5833,5,0,0
3711,0,138,12915,5311,102,5834,5,0,0
3712,0,163,14045,5159,117,5824,5,0,0
3713,0,181,12687,3835,173,5797,5,0,0
3714,0,245,14235,4418,114,5821,5,0,0
3715,0,178,13984,5060,136,5808,5,0,0
3716,0,234,13131,4424,131,5825,5,0,0
3717,0,173,15690,4716,188,5826,5,0,0
3718,0,232,14169,4964,157,5814,5,0,0
3719,0,199,11679,3897,252,5826,5,0,0
3720,0,177,14156,5448,4592,496066,355,1,0
3721,0,236,12112,4164,193,17115,13,0,0
3722,0,216,11027,3741,386,37769,27,0,0
3723,0,284,10053,4885,86,638,1,0,0
3724,0,171,8566,4576,121,1676,2,0,0
3725,0,193,8916,4346,113,241,1,0,0
3726,0,234,10050,3859,128,238,1,0,0
3727,0,246,9906,3811,113,245,1,0,0
3728,0,245,12160,5233,114,235,1,0,0
3729,0,229,9901,4409,113,270,1,0,0
3730,0,227,9487,3788,137,265,1,0,0
3731,0,216,10478,3879,101,270,1,0,0
3732,0,224,11135,4691,88,224,1,0,0
3733,0,180,11208,4618,115,269,1,0,0
3734,0,188,11421,5220,100,267,1,0,0
3735,0,196,10789,4259,145,289,1,0,0
3736,0,182,10332,3663,191,8941,7,0,0
3737,0,226,10097,4217,136,12975,10,0,0
3738,0,161,9112,5427,161,8950,7,0,0
3739,0,219,10773,3684,151,6321,5,0,0
3740,0,239,12011,3883,161,9305,7,0,0
3741,0,258,10171,3828,137,8925,7,0,0
3742,0,244,10629,3757,156,11324,9,0,0
3743,0,179,12706,3805,288,6088,5,0,0
3744,0,336,10493,3717,124,5817,5,0,0
3745,0,150,11183,3784,122,5690,5,0,0
3746,0,189,11059,4089,136,5783,5,0,0
3747,0,179,12279,3867,121,5742,5,0,0
3748,0,183,10925,3813,320,25106,18,0,0
3749,0,346,10453,3948,135,6316,5,0,0
3750,0,263,11997,3930,234,5858,5,0,0
3751,0,259,9945,3831,262,5780,5,0,0
3752,0,292,11104,3755,131,5743,5,0,0
3753,0,158,9175,3728,143,5718,5,0,0
3754,0,284,8762,3641,296,5758,5,0,0
3755,0,233,12296,4735,143,5768,5,0,0
3756,0,235,10467,3775,138,5766,5,0,0
3757,0,265,10449,4064,244,5749,5,0,0
3758,0,282,10031,3937,152,5725,5,0,0
3759,0,323,11812,4745,196,5727,5,0,0
3760,0,184,9925,4184,151,5720,5,0,0
3761,0,307,11110,4048,262,5696,5,0,0
3762,0,200,9146,4178,165,5732,5,0,0
3763,0,163,9428,3325,123,5767,5,0,0
3764,0,176,8754,3595,236,5798,5,0,0
3765,0,231,8799,4598,215,5782,5,0,0
3766,0,213,9059,4419,169,5723,5,0,0
3767,0,391,11188,3868,287,5720,5,0,0
3768,0,203,8369,3775,156,5714,5,0,0
3769,0,297,10373,4294,124,5738,5,0,0
3770,0,191,12897,4430,156,5678,5,0,0
3771,0,230,9873,5194,170,5737,5,0,0
3772,0,239,9233,4595,139,5710,5,0,0
3773,0,230,9851,3790,284,5721,5,0,0
3774,0,205,9920,3614,120,5815,5,0,0
3775,0,184,10251,3921,111,5690,5,0,0
3776,0,148,12819,4537,202,5704,5,0,0
3777,0,188,10035,5171,154,5767,5,0,0
3778,0,212,11347,4063,122,5754,5,0,0
3779,0,381,9263,3691,243,5757,5,0,0
3780,0,295,9395,5185,3063,496621,355,1,0
3781,0,189,9042,3619,138,8266,6,0,0
3782,0,246,13933,3890,356,38005,28,0,0
3783,0,210,9752,3823,124,609,1,0,0
3784,0,342,8910,4106,416,1552,2,0,0
3785,0,269,11486,3872,141,259,1,0,0
3786,0,189,9449,3614,98,288,1,0,0
3787,0,184,10512,3700,99,295,1,0,0
3788,0,174,13826,3938,106,226,1,0,0
3789,0,210,10261,3872,131,257,1,0,0
3790,0,341,8441,3551,114,230,1,0,0
3791,0,250,8421,4083,147,238,1,0,0
3792,0,211,8303,4111,117,238,1,0,0
3793,0,214,10495,4758,122,243,1,0,0
3794,0,184,9064,4954,92,275,1,0,0
3795,0,170,8100,5288,83,268,1,0,0
3796,0,147,10223,4236,152,13345,10,0,0
3797,0,166,10572,3928,247,12949,10,0,0
3798,0,786,8469,3661,91,6556,5,0,0
3799,0,134,9787,3831,136,9195,7,0,0
3800,0,338,10314,3629,179,8750,7,0,0
3801,0,404,10819,3881,146,11369,9,0,0
3802,0,283,11730,4660,130,6156,5,0,0
3803,0,171,17059,5276,171,24368,18,0,0
3804,0,205,10771,5217,139,6458,5,0,0
3805,0,346,10945,4212,163,5903,5,0,0
3806,0,185,11659,3920,168,5848,5,0,0
3807,0,218,9830,3679,225,5850,5,0,0
3808,0,172,14404,4396,146,5810,5,0,0
3809,0,271,11727,4822,243,5844,5,0,0
3810,0,257,11023,4001,173,5830,5,0,0
3811,0,278,10710,4012,665,5845,5,0,0
3812,0,690,10323,3990,135,5847,5,0,0
3813,0,197,14204,3903,161,5808,5,0,0
3814,0,536,11554,4044,155,5857,5,0,0
3815,0,190,11915,4202,657,5830,5,0,0
3816,0,604,17355,3740,248,5878,5,0,0
3817,0,194,11633,4314,205,5833,5,0,0
3818,0,192,10745,3964,175,5868,5,0,0
3819,0,472,12638,4138,235,5939,5,0,0
3820,0,581,11732,3868,143,5872,5,0,0
3821,0,226,13143,4002,157,5797,5,0,0
3822,0,218,13973,4022,153,5877,5,0,0
3823,0,362,11118,4877,121,5832,5,0,0
3824,0,219,11054,4143,125,5831,5,0,0
3825,0,265,12082,4070,152,5812,5,0,0
3826,0,281,11647,4221,218,5854,5,0,0
3827,0,233,11385,4024,120,5865,5,0,0
3828,0,368,12177,3912,144,5876,5,0,0
3829,0,244,9354,3739,132,5878,5,0,0
3830,0,228,11316,3690,131,5855,5,0,0
3831,0,212,12193,3878,268,5853,5,0,0
3832,0,504,9693,4221,162,5860,5,0,0
3833,0,286,9910,4414,348,5838,5,0,0
3834,0,273,10169,4414,425,5849,5,0,0
3835,0,247,10601,4601,273,5840,5,0,0
3836,0,457,10851,4397,149,5824,5,0,0
3837,0,226,11352,4218,160,5827,5,0,0
3838,0,231,14498,4438,245,5805,5,0,0
3839,0,321,10941,4407,157,5833,5,0,0
3840,0,235,10029,6111,3176,496443,355,1,0
3841,0,209,9673,4330,246,12346,9,0,0
3842,0,276,10072,4718,301,40225,29,0,0
3843,0,261,11600,5590,106,750,1,0,0
3844,0,225,9721,5704,109,1468,2,0,0
3845,0,221,12555,5591,109,295,1,0,0
3846,0,230,12016,5261,103,266,1,0,0
3847,0,206,10593,5738,115,278,1,0,0
3848,0,261,10923,5463,97,286,1,0,0
3849,0,208,9677,5257,107,289,1,0,0
3850,0,217,10130,5462,90,263,1,0,0
3851,0,192,9280,5263,87,270,1,0,0
3852,0,179,8800,5114,102,243,1,0,0
3853,0,171,8693,5205,83,231,1,0,0
3854,0,160,8579,4516,131,218,1,0,0
3855,0,200,10303,5399,112,243,1,0,0
3856,0,251,12383,5206,158,9355,7,0,0
3857,0,223,10335,5447,169,13149,10,0,0
3858,0,217,10931,5384,141,9129,7,0,0
3859,0,157,11189,4230,171,6297,5,0,0
3860,0,319,10568,5061,209,9357,7,0,0
3861,0,223,10234,5438,265,8910,7,0,0
3862,0,249,10269,5881,124,11484,9,0,0
3863,0,237,11681,4914,135,6208,5,0,0
3864,0,180,12569,4331,200,5838,5,0,0
3865,0,255,13226,5466,142,5793,5,0,0
3866,0,254,11321,4613,159,5783,5,0,0
3867,0,229,10327,5398,113,5759,5,0,0
3868,0,239,10541,5872,153,5751,5,0,0
3869,0,352,11500,5850,141,5725,5,0,0
3870,0,214,11642,5791,118,5787,5,0,0
3871,0,172,13517,4580,193,5788,5,0,0
3872,0,208,11860,5012,151,5798,5,0,0
3873,0,296,12902,5367,164,5761,5,0,0
3874,0,209,16239,4237,129,5770,5,0,0
3875,0,188,14326,5124,161,5858,5,0,0
3876,0,239,12427,5417,236,5804,5,0,0
3877,0,266,12243,5428,146,5809,5,0,0
3878,0,226,12557,5958,99,5759,5,0,0
3879,0,164,11350,5789,126,5820,5,0,0
3880,0,174,15849,5451,163,5832,5,0,0
3881,0,277,13626,4367,153,5821,5,0,0
3882,0,220,13483,4479,230,5793,5,0,0
3883,0,322,11808,5499,128,5761,5,0,0
3884,0,265,14407,4589,150,5760,5,0,0
3885,0,285,14056,5650,142,5786,5,0,0
3886,0,296,12342,5916,148,5763,5,0,0
3887,0,187,14383,5672,143,5814,5,0,0
3888,0,261,15936,4710,191,5789,5,0,0
3889,0,354,12551,5857,137,5773,5,0,0
3890,0,177,13530,4621,323,5780,5,0,0
3891,0,272,11804,5975,128,5761,5,0,0
3892,0,202,14993,4616,346,5757,5,0,0
3893,0,450,12775,6104,136,5778,5,0,0
3894,0,260,14629,5894,217,5747,5,0,0
3895,0,165,14416,4940,221,5776,5,0,0
3896,0,263,13111,5598,218,5774,5,0,0
3897,0,175,12598,4567,147,5792,5,0,0
3898,0,229,13721,5672,111,5802,5,0,0
3899,0,183,12405,5466,165,5855,5,0,0
3900,0,207,15322,6481,2783,495932,355,1,0
3901,0,208,14771,4737,224,8210,6,0,0
3902,0,248,11228,5254,380,37778,27,0,0
3903,0,272,11525,4719,140,1104,1,0,0
3904,0,354,11137,5070,121,2222,2,0,0
3905,0,182,10564,5867,108,3099,3,0,0
3906,0,185,11316,4736,158,291,1,0,0
3907,0,1764,10297,4782,187,265,1,0,0
3908,0,441,11093,4617,618,240,1,0,0
3909,0,307,11409,4767,100,244,1,0,0
3910,0,310,12453,5627,113,240,1,0,0
3911,0,262,11925,5116,104,250,1,0,0
3912,0,204,11243,6388,96,256,1,0,0
3913,0,219,13212,5706,105,272,1,0,0
3914,0,244,11410,4891,144,9763,7,0,0
3915,0,297,11344,4953,166,368,1,0,0
3916,0,288,10221,4837,193,8596,7,0,0
3917,0,788,10695,4978,139,5970,5,0,0
3918,0,246,12286,4781,254,13303,10,0,0
3919,0,599,10521,5244,445,6680,5,0,0
3920,0,754,10309,4695,195,9288,7,0,0
3921,0,240,11429,5047,170,8810,7,0,0
3922,0,431,12326,4700,266,11496,9,0,0
3923,0,278,11967,4534,207,6251,5,0,0
3924,0,191,10975,4965,169,5938,5,0,0
3925,0,417,10404,5358,324,5870,5,0,0
3926,0,2269,14633,6420,173,5877,5,0,0
3927,0,232,11514,6227,246,5866,5,0,0
3928,0,411,11699,6644,142,5869,5,0,0
3929,0,306,14490,4979,149,5875,5,0,0
3930,0,249,12448,5027,154,5928,5,0,0
3931,0,838,14429,5741,146,5895,5,0,0
3932,0,227,11107,7151,143,5882,5,0,0
3933,0,495,11471,6465,144,6014,5,0,0
3934,0,569,10959,5183,167,8211,6,0,0
3935,0,274,11150,4930,145,5886,5,0,0
3936,0,266,13858,4736,165,5721,5,0,0
3937,0,247,12506,5171,284,5758,5,0,0
3938,0,336,11101,5930,232,5696,5,0,0
3939,0,245,10313,5922,244,5730,5,0,0
3940,0,348,11072,5775,153,5760,5,0,0
3941,0,255,10054,6039,119,5750,5,0,0
3942,0,209,10611,5832,142,5750,5,0,0
3943,0,209,10093,6209,147,5765,5,0,0
3944,0,193,12202,5671,158,5735,5,0,0
3945,0,257,12597,4673,246,5731,5,0,0
3946,0,206,10417,4798,157,5720,5,0,0
3947,0,248,10890,4907,209,5709,5,0,0
3948,0,218,10257,5034,274,5693,5,0,0
3949,0,320,10942,4859,281,5692,5,0,0
3950,0,374,10325,4941,296,5685,5,0,0
3951,0,337,10939,4805,167,5685,5,0,0
3952,0,222,10482,5185,213,5723,5,0,0
3953,0,275,11444,4857,138,5731,5,0,0
3954,0,280,12942,6326,146,5736,5,0,0
3955,0,171,9537,6408,158,5730,5,0,0
3956,0,221,9904,5942,145,5731,5,0,0
3957,0,236,11792,5839,174,5753,5,0,0
3958,0,246,10198,6263,150,5719,5,0,0
3959,0,242,10413,6342,151,5736,5,0,0
3960,0,715,11240,6729,3464,489604,350,1,0
3961,0,193,10706,6052,207,8287,6,0,0
3962,0,292,12702,4990,341,36762,27,0,0
3963,0,316,9818,5267,133,547,1,0,0
3964,0,325,11079,4817,134,1385,1,0,0
3965,0,251,9261,5211,153,240,1,0,0
3966,0,234,10665,4907,150,242,1,0,0
3967,0,234,11340,5093,128,237,1,0,0
3968,0,894,10809,4899,86,279,1,0,0
3969,0,273,10786,5294,131,279,1,0,0
3970,0,388,11738,4862,121,258,1,0,0
3971,0,191,10093,5744,111,266,1,0,0
3972,0,272,11107,5998,115,259,1,0,0
3973,0,243,11083,6161,98,286,1,0,0
3974,0,168,13638,5111,113,284,1,0,0
3975,0,284,10770,5774,104,285,1,0,0
3976,0,223,10716,5249,232,14080,11,0,0
3977,0,250,12145,4925,256,12315,9,0,0
3978,0,210,11735,6033,277,6391,5,0,0
3979,0,341,9482,6201,217,8989,7,0,0
3980,0,205,10933,6008,128,8519,7,0,0
3981,0,233,10439,6820,165,11149,8,0,0
3982,0,238,10561,6195,115,6022,5,0,0
3983,0,191,12800,5196,212,5765,5,0,0
3984,0,234,10591,5002,147,5698,5,0,0
3985,0,217,10099,5079,271,5686,5,0,0
3986,0,198,11135,5202,281,5684,5,0,0
3987,0,200,10184,6067,151,5707,5,0,0
3988,0,233,11109,6244,248,5688,5,0,0
3989,0,281,9614,6136,127,5717,5,0,0
3990,0,192,11505,5204,151,5698,5,0,0
3991,0,179,11072,6058,198,5702,5,0,0
3992,0,187,10734,6496,242,5744,5,0,0
3993,0,363,13075,6464,127,5682,5,0,0
3994,0,210,11092,6581,143,5714,5,0,0
3995,0,210,11015,5535,205,5680,5,0,0
3996,0,232,12126,5933,94,5815,5,0,0
3997,0,165,11947,5050,126,5684,5,0,0
3998,0,173,12494,6939,132,5736,5,0,0
3999,0,312,10493,5084,105,5722,5,0,0
4000,0,176,8133,5830,123,5706,5,0,0
4001,0,183,8288,6080,120,5622,5,0,0
4002,0,216,10474,6271,180,5679,5,0,0
4003,0,242,8611,6485,129,5682,5,0,0
4004,0,202,11954,5454,168,5684,5,0,0
4005,0,383,12448,6128,163,5664,5,0,0
4006,0,233,11491,6994,126,5651,5,0,0
4007,0,185,13064,5617,162,5667,5,0,0
4008,0,362,9250,5566,171,5645,5,0,0
4009,0,183,9759,6024,209,5694,5,0,0
4010,0,493,10195,5502,285,24054,18,0,0
4011,0,451,8096,5884,249,6327,5,0,0
4012,0,237,8631,5075,332,5790,5,0,0
4013,0,305,9115,12363,113,5679,5,0,0
4014,0,249,8802,11952,137,5656,5,0,0
4015,0,195,10687,11238,145,5682,5,0,0
4016,0,234,9484,12082,122,5659,5,0,0
4017,0,199,10567,13463,122,5691,5,0,0
4018,0,199,8847,11151,107,5688,5,0,0
4019,0,189,9563,11927,188,5686,5,0,0
4020,0,246,11295,11632,4402,488764,350,1,0
4021,0,153,8098,10990,203,36246,26,0,0
4022,0,151,8403,4978,134,1409,2,0,0
4023,0,229,9394,4340,121,2148,2,0,0
4024,0,240,10908,4157,138,2809,3,0,0
4025,0,201,12573,4743,89,247,1,0,0
4026,0,197,12486,4224,138,286,1,0,0
4027,0,332,9915,4123,194,294,1,0,0
4028,0,232,10859,4513,129,278,1,0,0
4029,0,238,11622,4854,120,276,1,0,0
4030,0,232,10313,4446,113,280,1,0,0
4031,0,291,10835,4600,102,276,1,0,0
4032,0,177,12130,4249,109,235,1,0,0
4033,0,267,12847,5060,124,273,1,0,0
4034,0,187,9614,5004,87,237,1,0,0
4035,0,188,9581,5002,119,253,1,0,0
4036,0,217,10242,4513,209,15886,12,0,0
4037,0,228,10099,4142,173,12449,9,0,0
4038,0,190,11823,4157,219,6467,5,0,0
4039,0,213,10851,4154,275,9115,7,0,0
4040,0,277,11497,4144,167,8593,7,0,0
4041,0,221,11703,4324,189,11244,9,0,0
4042,0,215,9772,4322,288,6102,5,0,0
4043,0,286,9955,4540,168,5805,5,0,0
4044,0,353,12301,4347,151,5756,5,0,0
4045,0,185,11752,4444,214,5729,5,0,0
4046,0,227,11832,4758,94,5748,5,0,0
4047,0,217,12259,4739,239,5729,5,0,0
4048,0,241,9309,4703,160,25143,18,0,0
4049,0,201,12220,5188,209,6342,5,0,0
4050,0,827,10054,4153,291,5810,5,0,0
4051,0,267,10129,5125,145,5681,5,0,0
4052,0,212,10117,5206,175,5655,5,0,0
4053,0,268,12050,4416,124,5644,5,0,0
4054,0,200,13136,5133,137,5630,5,0,0
4055,0,191,9652,5628,145,5689,5,0,0
4056,0,288,11011,4639,169,5673,5,0,0
4057,0,235,12369,5563,106,5661,5,0,0
4058,0,167,11131,4721,196,5669,5,0,0
4059,0,309,9404,4703,127,5766,5,0,0
4060,0,177,10610,4049,157,5671,5,0,0
4061,0,250,12492,4193,208,5644,5,0,0
4062,0,198,11095,5281,202,5599,4,0,0
4063,0,251,11804,5053,137,5632,5,0,0
4064,0,153,12304,4402,293,5635,5,0,0
4065,0,208,11147,4917,236,5660,5,0,0
4066,0,202,12839,5253,136,5615,5,0,0
4067,0,153,11332,4006,130,5647,5,0,0
4068,0,155,13402,4432,164,5661,5,0,0
4069,0,264,13597,5035,140,5652,5,0,0
4070,0,228,12837,5484,129,5632,5,0,0
4071,0,196,12537,5250,105,5662,5,0,0
4072,0,182,14282,4223,164,5654,5,0,0
4073,0,274,12704,4592,173,5670,5,0,0
4074,0,220,11424,5342,141,5697,5,0,0
4075,0,218,11347,5422,141,5642,5,0,0
4076,0,231,13994,4372,141,5678,5,0,0
4077,0,193,15004,4163,231,5697,5,0,0
4078,0,371,13927,5172,140,5692,5,0,0
4079,0,236,12141,5429,160,5637,5,0,0
4080,0,284,14006,5221,4167,489528,350,1,0
4081,0,235,12336,5663,168,13162,10,0,0
4082,0,239,11270,5223,310,37645,27,0,0
4083,0,241,10226,5474,130,669,1,0,0
4084,0,352,11399,4456,223,1348,1,0,0
4085,0,233,10360,4103,102,273,1,0,0
4086,0,240,11917,4347,92,221,1,0,0
4087,0,191,11672,4254,182,8979,7,0,0
4088,0,234,11257,5155,90,289,1,0,0
4089,0,199,14652,4398,130,280,1,0,0
4090,0,222,11772,4187,116,288,1,0,0
4091,0,231,12066,4186,211,212,1,0,0
4092,0,352,15339,5092,207,249,1,0,0
4093,0,421,11430,4656,124,247,1,0,0
4094,0,235,11674,5252,101,244,1,0,0
4095,0,402,13044,4829,109,236,1,0,0
4096,0,204,11001,4104,281,9478,7,0,0
4097,0,234,10528,4304,199,14733,11,0,0
4098,0,301,14173,5747,215,8986,7,0,0
4099,0,281,11956,5245,133,6153,5,0,0
4100,0,181,10740,5987,163,9172,7,0,0
4101,0,202,13030,4443,242,8738,7,0,0
4102,0,219,13373,4719,320,11265,9,0,0
4103,0,228,11026,4179,1222,6078,5,0,0
4104,0,427,13439,4723,152,5707,5,0,0
4105,0,269,11108,4007,166,5679,5,0,0
4106,0,238,11350,4324,141,5671,5,0,0
4107,0,218,12533,4436,165,5695,5,0,0
4108,0,336,9961,4194,146,5662,5,0,0
4109,0,196,13946,4616,152,5661,5,0,0
4110,0,262,13112,5508,167,5673,5,0,0
4111,0,195,11052,5116,145,5633,5,0,0
4112,0,209,10694,4823,121,5672,5,0,0
4113,0,222,10733,4993,137,5665,5,0,0
4114,0,206,10372,4589,201,5657,5,0,0
4115,0,196,10668,4367,329,5674,5,0,0
4116,0,192,10339,4411,177,5652,5,0,0
4117,0,256,11003,4459,381,5644,5,0,0
4118,0,222,11809,4699,145,5667,5,0,0
4119,0,217,10266,4384,128,5619,5,0,0
4120,0,318,15848,4592,156,5595,4,0,0
4121,0,215,10494,4131,180,5757,5,0,0
4122,0,204,9968,4488,837,5624,5,0,0
4123,0,275,11672,4517,220,5615,5,0,0
4124,0,249,9836,5188,138,5648,5,0,0
4125,0,203,10791,4830,123,5644,5,0,0
4126,0,227,10725,5250,147,5672,5,0,0
4127,0,215,9911,4435,139,5641,5,0,0
4128,0,271,9894,4419,158,5631,5,0,0
4129,0,257,12499,5001,166,5627,5,0,0
4130,0,211,10607,5336,136,5661,5,0,0
4131,0,242,11139,4853,375,5689,5,0,0
4132,0,448,10124,5678,119,5682,5,0,0
4133,0,179,10532,4796,182,5609,5,0,0
4134,0,283,10963,5710,163,5678,5,0,0
4135,0,311,10144,5761,142,5694,5,0,0
4136,0,290,12274,4830,256,5669,5,0,0
4137,0,330,10109,4966,266,24843,18,0,0
4138,0,374,11217,4735,184,6214,5,0,0
4139,0,353,12225,5039,244,5649,5,0,0
4140,0,261,11622,6620,5600,489183,350,1,0
4141,0,323,10796,4922,185,10553,8,0,0
4142,0,311,10474,6452,342,35857,26,0,0
4143,0,276,10761,5074,100,622,1,0,0
4144,0,234,12010,4924,135,1445,2,0,0
4145,0,216,12198,5087,123,274,1,0,0
4146,0,661,10680,5175,137,270,1,0,0
4147,0,301,11946,5143,150,283,1,0,0
4148,0,238,10788,5415,323,267,1,0,0
4149,0,571,10630,5086,134,263,1,0,0
4150,0,490,11211,4990,98,267,1,0,0
4151,0,351,9302,4718,140,257,1,0,0
4152,0,270,13903,4880,126,230,1,0,0
4153,0,445,10405,5223,181,272,1,0,0
4154,0,375,10844,4912,137,225,1,0,0
4155,0,320,11613,5966,101,253,1,0,0
4156,0,260,11433,5748,189,13587,10,0,0
4157,0,222,10299,5485,143,12345,9,0,0
4158,0,212,11176,5797,172,6354,5,0,0
4159,0,227,10247,5772,169,8966,7,0,0
4160,0,194,10530,5147,252,8539,7,0,0
4161,0,280,10647,5264,241,11201,9,0,0
4162,0,246,12094,6264,262,6032,5,0,0
4163,0,321,10464,5959,143,5743,5,0,0
4164,0,179,10049,6176,117,5715,5,0,0
4165,0,178,12294,5217,146,5665,5,0,0
4166,0,222,9848,4916,167,5742,5,0,0
4167,0,275,10619,6145,105,5671,5,0,0
4168,0,204,11314,6380,125,5695,5,0,0
4169,0,170,12640,5845,241,5655,5,0,0
4170,0,261,11842,5799,252,5695,5,0,0
4171,0,296,10941,6094,152,5685,5,0,0
4172,0,221,10422,6421,97,5698,5,0,0
4173,0,167,12219,5176,137,5687,5,0,0
4174,0,205,11075,6220,188,5709,5,0,0
4175,0,274,12053,6298,128,5669,5,0,0
4176,0,204,11792,5123,175,5718,5,0,0
4177,0,244,11590,5643,121,5675,5,0,0
4178,0,262,10855,6271,180,5672,5,0,0
4179,0,258,11376,6662,174,5689,5,0,0
4180,0,218,11066,5830,148,5678,5,0,0
4181,0,203,10799,6092,109,5670,5,0,0
4182,0,172,12066,5111,389,5670,5,0,0
4183,0,430,10688,5661,131,5646,5,0,0
4184,0,226,12466,5691,168,5689,5,0,0
4185,0,218,11308,5332,214,24130,18,0,0
4186,0,213,12039,5355,189,6311,5,0,0
4187,0,287,10666,5242,173,5777,5,0,0
4188,0,491,12534,6253,101,5687,5,0,0
4189,0,166,9105,6209,170,5643,5,0,0
4190,0,225,11055,5601,232,5646,5,0,0
4191,0,292,9950,5800,196,5675,5,0,0
4192,0,287,11373,6828,171,5654,5,0,0
4193,0,254,10392,5023,168,5675,5,0,0
4194,0,322,9864,6095,152,5641,5,0,0
4195,0,227,12140,6185,152,5674,5,0,0
4196,0,244,10836,6463,145,5601,5,0,0
4197,0,229,10927,6328,136,5607,5,0,0
4198,0,174,12665,5192,380,5584,4,0,0
4199,0,290,10560,5666,134,5634,5,0,0
4200,0,205,11272,8218,4156,488804,350,1,0
4201,0,228,10085,5347,248,15195,11,0,0
4202,0,218,10679,6033,306,37404,27,0,0
4203,0,305,10928,5082,106,540,1,0,0
4204,0,229,10627,5391,201,1354,1,0,0
4205,0,279,10566,5496,236,287,1,0,0
4206,0,243,9796,5723,257,263,1,0,0
4207,0,476,9639,6003,237,276,1,0,0
4208,0,645,11204,5186,150,275,1,0,0
4209,0,233,10501,11325,105,258,1,0,0
4210,0,233,10624,10972,111,252,1,0,0
4211,0,202,9527,11478,152,222,1,0,0
4212,0,352,10155,10917,118,230,1,0,0
4213,0,493,10402,10221,105,251,1,0,0
4214,0,203,11642,10489,92,242,1,0,0
4215,0,331,10467,11710,90,257,1,0,0
4216,0,165,12592,11988,295,14058,11,0,0
4217,0,291,11473,12229,434,12304,9,0,0
4218,0,315,14541,4406,178,6445,5,0,0
4219,0,227,12710,4178,190,9047,7,0,0
4220,0,283,11304,4354,376,8574,7,0,0
4221,0,264,11328,4465,461,11209,9,0,0
4222,0,265,9144,4279,262,6088,5,0,0
4223,0,352,9661,4242,149,5774,5,0,0
4224,0,540,14038,4398,208,5710,5,0,0
4225,0,655,10646,4296,169,5689,5,0,0
4226,0,248,10391,4250,177,5676,5,0,0
4227,0,463,11290,4281,264,5685,5,0,0
4228,0,288,10076,4601,149,5711,5,0,0
4229,0,227,11140,4379,151,5704,5,0,0
4230,0,288,12699,4503,255,5672,5,0,0
4231,0,236,10707,4157,190,5731,5,0,0
4232,0,309,11416,4495,156,5677,5,0,0
4233,0,238,12566,4405,404,5675,5,0,0
4234,0,382,11668,4442,155,5709,5,0,0
4235,0,395,10583,4285,145,5686,5,0,0
4236,0,342,10387,4304,166,5688,5,0,0
4237,0,297,10707,4306,140,5685,5,0,0
4238,0,224,9340,4363,167,5714,5,0,0
4239,0,300,11617,4773,125,5623,5,0,0
4240,0,189,11615,4797,146,5716,5,0,0
4241,0,199,12112,4259,139,5695,5,0,0
4242,0,218,11338,4516,126,5729,5,0,0
4243,0,221,11924,4220,147,5704,5,0,0
4244,0,199,11390,4324,130,5727,5,0,0
4245,0,219,12422,4210,136,5703,5,0,0
4246,0,277,12390,4097,141,5688,5,0,0
4247,0,197,11222,5827,128,5801,5,0,0
4248,0,287,11477,4288,193,5731,5,0,0
4249,0,263,12989,4463,154,5761,5,0,0
4250,0,215,10633,4286,188,5710,5,0,0
4251,0,227,9488,4143,160,5676,5,0,0
4252,0,363,9999,4505,160,5677,5,0,0
4253,0,252,11021,4480,326,5643,5,0,0
4254,0,357,9312,4737,148,5659,5,0,0
4255,0,195,13273,5614,138,5695,5,0,0
4256,0,205,8611,5353,100,5664,5,0,0
4257,0,182,8474,5173,151,5709,5,0,0
4258,0,192,11477,4489,183,5703,5,0,0
4259,0,449,11550,5515,145,5709,5,0,0
4260,0,247,11789,5749,4265,493025,353,1,0
4261,0,233,10064,4642,410,9171,7,0,0
4262,0,249,8784,4871,441,36055,26,0,0
4263,0,195,14112,4728,142,556,1,0,0
4264,0,211,11077,4387,111,1529,2,0,0
4265,0,200,13370,4416,133,218,1,0,0
4266,0,430,10685,4286,164,255,1,0,0
4267,0,347,12525,5257,164,226,1,0,0
4268,0,257,16139,4215,97,232,1,0,0
4269,0,199,12622,4307,89,250,1,0,0
4270,0,200,13474,4193,122,244,1,0,0
4271,0,251,13683,4469,106,237,1,0,0
4272,0,236,12299,4494,103,266,1,0,0
4273,0,216,12720,4410,89,237,1,0,0
4274,0,241,12919,5256,106,269,1,0,0
4275,0,206,11082,5094,102,271,1,0,0
4276,0,304,11599,5022,314,14021,11,0,0
4277,0,219,11248,5709,184,12216,9,0,0
4278,0,248,10071,6050,115,6439,5,0,0
4279,0,197,10733,4256,109,9127,7,0,0
4280,0,165,12368,4367,168,8547,7,0,0
4281,0,220,14212,5172,174,11211,9,0,0
4282,0,268,11539,5395,231,6058,5,0,0
4283,0,170,13739,5290,110,5744,5,0,0
4284,0,181,11657,6015,119,5683,5,0,0
4285,0,162,10484,4668,165,5701,5,0,0
4286,0,397,13946,5246,148,5705,5,0,0
4287,0,202,12245,5737,112,5712,5,0,0
4288,0,195,14800,4545,150,5694,5,0,0
4289,0,347,12642,4524,200,5701,5,0,0
4290,0,230,15390,4764,121,5673,5,0,0
4291,0,194,19899,4391,149,5650,5,0,0
4292,0,204,18508,4649,136,5684,5,0,0
4293,0,171,14304,4706,246,24203,18,0,0
4294,0,233,14119,4277,130,6237,5,0,0
4295,0,268,15990,5898,212,5692,5,0,0
4296,0,387,12958,6120,164,5663,5,0,0
4297,0,193,14161,4351,131,5628,5,0,0
4298,0,187,18133,5360,130,5631,5,0,0
4299,0,164,16017,5934,112,5623,5,0,0
4300,0,343,13440,5183,174,5737,5,0,0
4301,0,244,14945,5737,113,5648,5,0,0
4302,0,193,12089,4652,129,5649,5,0,0
4303,0,195,14168,5680,126,5618,5,0,0
4304,0,210,12052,5229,149,5657,5,0,0
4305,0,215,18210,5130,134,5588,4,0,0
4306,0,244,12567,5550,142,5688,5,0,0
4307,0,241,16988,4312,117,5524,4,0,0
4308,0,574,12250,5322,231,5612,5,0,0
4309,0,223,12992,5229,138,5580,4,0,0
4310,0,203,14378,5690,111,5615,5,0,0
4311,0,158,33945,4224,145,5575,4,0,0
4312,0,221,15899,4260,150,5613,5,0,0
4313,0,2342,15518,6430,138,5621,5,0,0
4314,0,275,12916,6141,124,5580,4,0,0
4315,0,362,16685,5502,193,5589,4,0,0
4316,0,299,23190,6308,104,5612,5,0,0
4317,0,195,14527,5137,361,5598,4,0,0
4318,0,388,12856,5123,137,5580,4,0,0
4319,0,226,19721,5183,179,5628,5,0,0
4320,0,296,12617,8257,3469,488567,349,1,0
4321,0,228,12387,6162,159,10823,8,0,0
4322,0,198,12770,4964,639,36669,27,0,0
4323,0,414,11950,5029,131,594,1,0,0
4324,0,330,11311,5444,137,1402,2,0,0
4325,0,244,13697,5980,95,263,1,0,0
4326,0,217,11988,6782,100,282,1,0,0
4327,0,173,12138,5732,88,283,1,0,0
4328,0,305,11708,6184,112,282,1,0,0
4329,0,224,12674,5927,120,252,1,0,0
4330,0,208,12241,7419,84,258,1,0,0
4331,0,210,13627,5812,109,257,1,0,0
4332,0,236,10420,6313,98,246,1,0,0
4333,0,276,9750,6243,102,261,1,0,0
4334,0,184,10349,5791,89,263,1,0,0
4335,0,207,10088,6075,89,292,1,0,0
4336,0,169,12407,5083,187,14177,11,0,0
4337,0,346,10062,5196,180,12202,9,0,0
4338,0,249,11506,5590,139,6401,5,0,0
4339,0,178,10302,6115,262,8947,7,0,0
4340,0,232,12525,6090,204,8517,7,0,0
4341,0,230,12577,5761,318,11145,8,0,0
4342,0,238,9376,5106,177,6050,5,0,0
4343,0,256,12262,6231,139,5721,5,0,0
4344,0,220,11369,6681,201,5657,5,0,0
4345,0,156,13069,5823,141,5650,5,0,0
4346,0,200,10049,6161,106,5700,5,0,0
4347,0,152,11103,5325,132,5654,5,0,0
4348,0,191,12662,5234,167,5646,5,0,0
4349,0,393,11531,6024,277,5681,5,0,0
4350,0,443,10037,5833,237,5668,5,0,0
4351,0,409,10361,6159,141,5657,5,0,0
4352,0,196,11335,6502,274,5673,5,0,0
4353,0,510,10225,5169,160,5698,5,0,0
4354,0,334,10044,5084,128,5691,5,0,0
4355,0,191,8579,5607,136,5680,5,0,0
4356,0,205,8687,5928,133,5653,5,0,0
4357,0,334,14641,5722,283,5646,5,0,0
4358,0,474,10903,6144,109,5630,5,0,0
4359,0,197,8826,5937,92,5599,4,0,0
4360,0,171,8515,5992,192,5636,5,0,0
4361,0,308,11308,5776,147,5638,5,0,0
4362,0,192,14411,5987,151,5763,5,0,0
4363,0,164,9906,5643,182,5676,5,0,0
4364,0,250,10230,5724,148,5698,5,0,0
4365,0,225,9678,5525,148,5664,5,0,0
4366,0,215,10800,5544,104,5691,5,0,0
4367,0,164,9610,6142,102,5687,5,0,0
4368,0,174,8006,6181,105,5637,5,0,0
4369,0,176,7629,6364,139,5655,5,0,0
4370,0,219,9308,6547,156,5676,5,0,0
4371,0,266,8929,5097,117,5644,5,0,0
4372,0,355,9905,11387,103,5673,5,0,0
4373,0,197,9746,11098,124,5612,5,0,0
4374,0,186,10199,11334,277,5615,5,0,0
4375,0,1204,13223,11913,132,5687,5,0,0
4376,0,202,13042,11048,137,5633,5,0,0
4377,0,205,10442,11092,221,5679,5,0,0
4378,0,250,10511,13773,151,5609,5,0,0
4379,0,267,10845,11275,138,5704,5,0,0
4380,0,259,12179,6024,3407,487994,349,1,0
4381,0,222,10273,5093,154,8206,6,0,0
4382,0,181,9755,4371,370,36108,26,0,0
4383,0,253,9767,4337,129,527,1,0,0
4384,0,761,11117,4421,169,1575,2,0,0
4385,0,316,12667,4930,129,259,1,0,0
4386,0,198,9148,4464,130,257,1,0,0
4387,0,330,11352,4390,90,261,1,0,0
4388,0,152,13073,4412,128,250,1,0,0
4389,0,306,11461,4365,174,251,1,0,0
4390,0,369,10695,4338,143,281,1,0,0
4391,0,393,12481,5294,116,285,1,0,0
4392,0,199,9032,5329,131,290,1,0,0
4393,0,207,10570,5622,95,273,1,0,0
4394,0,191,11182,4610,282,270,1,0,0
4395,0,320,11099,5633,93,290,1,0,0
4396,0,194,9662,5932,166,13665,10,0,0
4397,0,200,10098,5407,167,12117,9,0,0
4398,0,237,11294,4683,142,6403,5,0,0
4399,0,177,10123,5801,101,9037,7,0,0
4400,0,121,10580,4307,107,8547,7,0,0
4401,0,204,8570,4665,119,11216,9,0,0
4402,0,162,9229,4837,197,6062,5,0,0
4403,0,319,8883,5104,177,5772,5,0,0
4404,0,240,8679,4281,164,5717,5,0,0
4405,0,239,9728,4540,207,5659,5,0,0
4406,0,234,11523,4944,93,5669,5,0,0
4407,0,151,9768,5746,182,5644,5,0,0
4408,0,298,9292,5785,156,5663,5,0,0
4409,0,232,9536,4585,151,5668,5,0,0
4410,0,188,8392,4247,229,5668,5,0,0
4411,0,198,8501,4344,265,5697,5,0,0
4412,0,293,11970,5298,115,5700,5,0,0
4413,0,152,9692,5330,192,5658,5,0,0
4414,0,261,9336,5484,231,5659,5,0,0
4415,0,322,9165,4508,144,5608,5,0,0
4416,0,236,10212,4769,96,5604,5,0,0
4417,0,208,8524,4346,169,5590,4,0,0
4418,0,187,13631,4658,135,5598,4,0,0
4419,0,306,10530,4296,143,5628,5,0,0
4420,0,235,11147,4440,222,25059,18,0,0
4421,0,173,12605,4487,255,6143,5,0,0
4422,0,260,10373,4477,198,5652,5,0,0
4423,0,325,10664,4378,135,5577,4,0,0
4424,0,216,14139,4702,161,5492,4,0,0
4425,0,212,10463,4377,132,5586,4,0,0
4426,0,260,11349,4887,154,5648,5,0,0
4427,0,186,11787,4819,151,5608,5,0,0
4428,0,307,12954,4964,132,5549,4,0,0
4429,0,225,15619,5108,289,5562,4,0,0
4430,0,242,11515,4450,218,5553,4,0,0
4431,0,585,10885,4388,283,5557,4,0,0
4432,0,1502,12971,4354,175,5563,4,0,0
4433,0,395,10373,4516,233,5532,4,0,0
4434,0,464,10758,4639,212,5579,4,0,0
4435,0,846,12460,4537,249,5585,4,0,0
4436,0,297,10678,4409,154,5569,4,0,0
4437,0,373,12565,4288,130,5540,4,0,0
4438,0,159,15037,5437,149,5563,4,0,0
4439,0,279,11101,4622,260,5564,4,0,0
4440,0,196,12740,5641,6111,492998,353,1,0
4441,0,207,10766,5140,161,10809,8,0,0
4442,0,240,10936,4601,440,37069,27,0,0
4443,0,1069,11127,4364,92,517,1,0,0
4444,0,181,11352,4461,113,1529,2,0,0
4445,0,204,11505,4390,98,262,1,0,0
4446,0,191,11878,4456,84,252,1,0,0
4447,0,177,11845,4664,127,199,1,0,0
4448,0,485,8745,5116,105,267,1,0,0
4449,0,174,11562,4290,81,260,1,0,0
4450,0,171,10978,6001,213,275,1,0,0
4451,0,292,10316,4448,130,297,1,0,0
4452,0,365,10615,4700,132,273,1,0,0
4453,0,198,12083,4311,140,295,1,0,0
4454,0,298,10101,4468,159,267,1,0,0
4455,0,215,13001,4351,122,258,1,0,0
4456,0,328,10205,4754,270,13812,10,0,0
4457,0,206,11123,4248,159,12147,9,0,0
4458,0,210,11620,4438,134,6371,5,0,0
4459,0,179,12664,4426,495,24364,18,0,0
4460,0,980,13890,4634,151,8855,7,0,0
4461,0,220,12005,4507,189,11207,9,0,0
4462,0,310,11861,5020,168,6112,5,0,0
4463,0,250,11858,5526,158,5795,5,0,0
4464,0,233,11879,5328,162,5745,5,0,0
4465,0,233,11407,5309,114,5733,5,0,0
4466,0,259,15407,5631,135,5744,5,0,0
4467,0,210,14229,4531,156,5726,5,0,0
4468,0,383,10699,4799,109,5724,5,0,0
4469,0,161,14667,5301,146,5709,5,0,0
4470,0,236,11535,5471,149,5760,5,0,0
4471,0,224,11638,5504,125,5716,5,0,0
4472,0,205,13070,4429,105,5732,5,0,0
4473,0,201,13138,5256,148,5701,5,0,0
4474,0,222,12196,5366,151,5690,5,0,0
4475,0,243,12455,5826,154,5663,5,0,0
4476,0,215,12748,5775,136,5710,5,0,0
4477,0,213,12562,4651,167,5699,5,0,0
4478,0,172,14826,5489,231,5723,5,0,0
4479,0,240,13076,5363,139,5714,5,0,0
4480,0,206,14121,5373,169,5736,5,0,0
4481,0,270,12438,5535,124,5778,5,0,0
4482,0,200,13754,4597,113,5747,5,0,0
4483,0,162,14380,5643,128,5693,5,0,0
4484,0,220,12842,5538,133,5729,5,0,0
4485,0,199,14116,5969,143,5744,5,0,0
4486,0,182,14266,4894,248,5873,5,0,0
4487,0,835,12339,5667,136,5682,5,0,0
4488,0,226,13497,5176,243,5714,5,0,0
4489,0,352,12626,6327,138,5723,5,0,0
4490,0,254,11759,6548,143,5705,5,0,0
4491,0,183,15650,5698,148,5692,5,0,0
4492,0,205,13849,5680,348,5713,5,0,0
4493,0,403,12558,6158,251,5733,5,0,0
4494,0,360,12992,6261,114,5728,5,0,0
4495,0,184,14351,5987,144,5730,5,0,0
4496,0,209,14403,5923,135,5754,5,0,0
4497,0,219,12098,7173,143,5767,5,0,0
4498,0,225,15669,6301,120,5745,5,0,0
4499,0,202,11903,5023,121,5732,5,0,0
4500,0,196,15721,7198,3788,488230,349,1,0
4501,0,269,11753,5274,521,38625,28,0,0
4502,0,279,11453,5057,83,661,1,0,0
4503,0,180,10814,6231,170,11455,9,0,0
4504,0,176,11883,5145,204,358,1,0,0
4505,0,305,12584,6263,91,280,1,0,0
4506,0,194,9906,5741,90,264,1,0,0
4507,0,194,11220,7006,114,265,1,0,0
4508,0,236,11161,5168,159,252,1,0,0
4509,0,265,9903,5498,112,261,1,0,0
4510,0,464,11613,5731,91,248,1,0,0
4511,0,228,10567,6080,97,255,1,0,0
4512,0,193,11364,6747,90,243,1,0,0
4513,0,174,13628,5341,86,286,1,0,0
4514,0,225,10306,5205,204,268,1,0,0
4515,0,238,9780,5990,107,265,1,0,0
4516,0,212,10207,5981,277,20082,15,0,0
4517,0,210,10852,6032,194,12420,9,0,0
4518,0,199,9877,6969,128,6536,5,0,0
4519,0,257,14946,6370,128,9116,7,0,0
4520,0,196,12272,5247,201,8708,7,0,0
4521,0,233,10786,6148,167,11262,9,0,0
4522,0,227,10515,6449,142,6143,5,0,0
4523,0,159,11389,6343,149,5865,5,0,0
4524,0,208,14277,5313,186,5766,5,0,0
4525,0,233,11317,6337,1276,5767,5,0,0
4526,0,551,11519,6155,129,5724,5,0,0
4527,0,213,10979,6290,206,5719,5,0,0
4528,0,288,16198,5111,147,5671,5,0,0
4529,0,194,11787,5201,176,5733,5,0,0
4530,0,348,11076,5478,148,5732,5,0,0
4531,0,208,13712,6655,152,5717,5,0,0
4532,0,233,10825,6057,111,5746,5,0,0
4533,0,240,10941,6484,134,5715,5,0,0
4534,0,379,10805,7074,141,5737,5,0,0
4535,0,243,15338,5007,169,5773,5,0,0
4536,0,338,10762,6476,188,5766,5,0,0
4537,0,177,13145,6046,834,5691,5,0,0
4538,0,1145,14247,11799,138,5719,5,0,0
4539,0,205,11812,11540,134,5678,5,0,0
4540,0,167,9848,12447,149,5697,5,0,0
4541,0,241,10729,11065,148,5711,5,0,0
4542,0,357,10637,12046,125,5680,5,0,0
4543,0,1014,10462,13020,155,5813,5,0,0
4544,0,231,13391,11153,285,5709,5,0,0
4545,0,234,10458,12763,130,5761,5,0,0
4546,0,188,11724,11568,152,5722,5,0,0
4547,0,325,14262,4949,165,5730,5,0,0
4548,0,346,10754,4485,335,24276,18,0,0
4549,0,290,11475,4586,193,6313,5,0,0
4550,0,264,12510,5205,166,5810,5,0,0
4551,0,230,11680,4780,136,5698,5,0,0
4552,0,208,10335,4442,200,5639,5,0,0
4553,0,604,11124,4516,166,5623,5,0,0
4554,0,459,11234,5197,356,5614,5,0,0
4555,0,673,10316,4547,174,5644,5,0,0
4556,0,219,11157,4552,183,5668,5,0,0
4557,0,249,12459,4524,175,5609,5,0,0
4558,0,472,11981,4605,370,5680,5,0,0
4559,0,228,10132,4535,289,5648,5,0,0
4560,0,287,11761,6110,2821,487959,349,1,0
4561,0,251,13199,4459,152,8283,6,0,0
4562,0,211,17857,4489,298,35695,26,0,0
4563,0,226,11892,4664,116,495,1,0,0
4564,0,325,11326,4652,136,1364,1,0,0
4565,0,1728,14747,5201,112,283,1,0,0
4566,0,236,17004,4585,108,270,1,0,0
4567,0,235,14334,4657,901,258,1,0,0
4568,0,379,11328,4537,97,289,1,0,0
4569,0,228,11618,4460,157,272,1,0,0
4570,0,793,15127,4745,114,251,1,0,0
4571,0,240,11436,4464,314,284,1,0,0
4572,0,269,11275,4834,340,279,1,0,0
4573,0,709,12770,5097,121,249,1,0,0
4574,0,232,11749,5193,158,275,1,0,0
4575,0,912,11152,4485,103,275,1,0,0
4576,0,242,13624,4634,161,13626,10,0,0
4577,0,208,12730,4641,243,12224,9,0,0
4578,0,362,12427,4504,180,6450,5,0,0
4579,0,1990,13950,5288,172,9001,7,0,0
4580,0,258,10890,4721,152,8539,7,0,0
4581,0,197,12984,4803,181,11164,8,0,0
4582,0,219,13182,5765,157,6052,5,0,0
4583,0,190,12208,4517,181,5765,5,0,0
4584,0,230,11057,5074,149,5689,5,0,0
4585,0,215,13351,4601,136,5585,4,0,0
4586,0,180,11797,5490,176,5671,5,0,0
4587,0,193,12319,4795,136,5637,5,0,0
4588,0,182,12082,5569,132,5701,5,0,0
4589,0,223,16393,6027,202,5633,5,0,0
4590,0,197,12441,4692,130,5653,5,0,0
4591,0,173,12120,4510,129,5623,5,0,0
4592,0,427,13422,4916,162,5639,5,0,0
4593,0,354,11246,4595,233,5627,5,0,0
4594,0,241,10982,4402,149,5662,5,0,0
4595,0,333,13607,4714,141,5635,5,0,0
4596,0,307,10519,4439,258,5629,5,0,0
4597,0,367,10772,4556,151,5638,5,0,0
4598,0,263,13947,4681,334,5631,5,0,0
4599,0,238,10984,5567,144,5637,5,0,0
4600,0,209,10622,4484,352,5679,5,0,0
4601,0,255,11282,4326,168,5640,5,0,0
4602,0,286,12548,5009,153,5789,5,0,0
4603,0,235,10700,4446,146,5647,5,0,0
4604,0,313,10159,4306,162,5691,5,0,0
4605,0,242,11744,4475,302,5693,5,0,0
4606,0,300,9454,5392,130,5678,5,0,0
4607,0,231,12407,4309,213,5713,5,0,0
4608,0,270,10639,4420,169,5634,5,0,0
4609,0,216,10366,4641,133,5645,5,0,0
4610,0,235,13822,4659,151,5566,4,0,0
4611,0,214,9755,4305,153,5667,5,0,0
4612,0,253,10457,4322,194,5604,5,0,0
4613,0,252,11741,4569,269,5665,5,0,0
4614,0,285,11625,4582,186,5681,5,0,0
4615,0,302,10408,4559,148,5644,5,0,0
4616,0,221,11529,5359,134,5699,5,0,0
4617,0,313,13894,4725,485,5639,5,0,0
4618,0,278,11123,4516,154,5638,5,0,0
4619,0,310,11592,4386,130,5651,5,0,0
4620,0,194,15960,5492,3656,487882,349,1,0
4621,0,300,10805,5328,172,12222,9,0,0
4622,0,213,12873,5640,281,35893,26,0,0
4623,0,223,12515,5744,90,522,1,0,0
4624,0,185,12933,4406,117,1597,2,0,0
4625,0,328,11557,4411,97,290,1,0,0
4626,0,284,14376,6111,109,288,1,0,0
4627,0,170,11721,4555,201,273,1,0,0
4628,0,374,10297,4635,180,270,1,0,0
4629,0,267,11983,5394,113,281,1,0,0
4630,0,221,11641,5585,110,273,1,0,0
4631,0,232,12584,5334,126,270,1,0,0
4632,0,185,10895,5376,102,294,1,0,0
4633,0,239,11364,5948,94,281,1,0,0
4634,0,190,12805,4516,128,269,1,0,0
4635,0,239,13475,4621,121,249,1,0,0
4636,0,221,11970,4824,172,13455,10,0,0
4637,0,216,14885,4251,206,12163,9,0,0
4638,0,210,13493,5686,160,6399,5,0,0
4639,0,205,11664,5908,205,9017,7,0,0
4640,0,273,13697,4342,216,8607,7,0,0
4641,0,316,18197,4568,192,11197,8,0,0
4642,0,322,12370,5339,166,6057,5,0,0
4643,0,222,13108,5743,235,5756,5,0,0
4644,0,204,16143,5173,160,5700,5,0,0
4645,0,239,12693,5942,174,5672,5,0,0
4646,0,261,13727,4995,133,5673,5,0,0
4647,0,201,16725,6368,150,5642,5,0,0
4648,0,259,12927,6323,169,5665,5,0,0
4649,0,183,14142,6574,156,5647,5,0,0
4650,0,162,13617,6060,130,5642,5,0,0
4651,0,197,12041,6350,115,5668,5,0,0
4652,0,237,14724,6786,223,24153,18,0,0
4653,0,156,14345,6490,126,6180,5,0,0
4654,0,234,12430,6340,512,5740,5,0,0
4655,0,216,12353,5990,129,5666,5,0,0
4656,0,194,13948,5552,143,5687,5,0,0
4657,0,286,12090,5863,92,5679,5,0,0
4658,0,161,13303,5845,124,5657,5,0,0
4659,0,165,16286,6640,290,5666,5,0,0
4660,0,497,12877,7311,176,5630,5,0,0
4661,0,375,12239,6914,202,5748,5,0,0
4662,0,488,13042,5868,114,5656,5,0,0
4663,0,188,11044,5931,220,5659,5,0,0
4664,0,239,13282,6504,145,5655,5,0,0
4665,0,179,16031,6610,153,5626,5,0,0
4666,0,213,13399,6218,134,5621,5,0,0
4667,0,220,13799,4997,135,5644,5,0,0
4668,0,198,12886,6308,108,5621,5,0,0
4669,0,251,12762,5200,153,5612,5,0,0
4670,0,236,12696,6155,143,5626,5,0,0
4671,0,230,11344,6652,184,5607,5,0,0
4672,0,244,13583,7018,254,5606,5,0,0
4673,0,499,11680,6028,103,5660,5,0,0
4674,0,171,11673,5517,163,5605,5,0,0
4675,0,203,12907,6830,126,5638,5,0,0
4676,0,139,12435,6567,108,5654,5,0,0
4677,0,176,10540,14223,108,5662,5,0,0
4678,0,178,11326,13814,115,5666,5,0,0
4679,0,171,11010,16075,104,5633,5,0,0
4680,0,164,13028,12724,2206,488196,349,1,0
4681,0,145,13636,13822,243,35492,26,0,0
4682,0,146,13013,13436,77,506,1,0,0
4683,0,189,11312,14235,76,1678,2,0,0
4684,0,124,13134,6372,123,255,1,0,0
4685,0,228,15432,5229,83,243,1,0,0
4686,0,182,12807,3688,80,284,1,0,0
4687,0,167,10328,5510,71,281,1,0,0
4688,0,122,12760,4681,82,268,1,0,0
4689,0,161,11035,5258,94,264,1,0,0
4690,0,177,13305,4626,81,286,1,0,0
4691,0,182,10269,4662,79,283,1,0,0
4692,0,171,10377,5678,73,255,1,0,0
4693,0,121,12124,4889,81,260,1,0,0
4694,0,176,10941,5163,103,263,1,0,0
4695,0,170,11729,3829,133,10785,8,0,0
4696,0,188,12238,4550,107,3315,3,0,0
4697,0,164,11214,5207,118,13130,10,0,0
4698,0,135,12498,5146,116,6454,5,0,0
4699,0,186,11667,5192,107,9013,7,0,0
4700,0,153,11766,5062,153,8538,7,0,0
4701,0,183,10431,5959,136,11225,9,0,0
4702,0,135,14394,5355,237,6019,5,0,0
4703,0,253,11367,4835,104,5744,5,0,0
4704,0,160,13059,5455,90,5718,5,0,0
4705,0,112,12014,3964,120,5697,5,0,0
4706,0,178,11585,5341,131,5641,5,0,0
4707,0,207,10832,5048,198,5683,5,0,0
4708,0,300,10973,3794,149,5674,5,0,0
4709,0,153,13321,4779,104,5694,5,0,0
4710,0,183,11411,5072,187,5686,5,0,0
4711,0,224,12262,5263,116,5654,5,0,0
4712,0,288,13021,5517,155,5658,5,0,0
4713,0,233,13005,4505,105,5625,5,0,0
4714,0,193,13293,5201,119,5657,5,0,0
4715,0,199,11971,4759,181,5642,5,0,0
4716,0,273,12549,5363,121,5637,5,0,0
4717,0,168,15580,4730,147,5651,5,0,0
4718,0,210,11946,5054,120,5803,5,0,0
4719,0,203,13082,3916,187,5632,5,0,0
4720,0,215,14032,5375,235,5612,5,0,0
4721,0,293,12411,4930,120,5632,5,0,0
4722,0,168,10398,5483,85,5647,5,0,0
4723,0,132,12609,4769,110,5623,5,0,0
4724,0,183,10216,5202,196,5614,5,0,0
4725,0,150,13184,4798,114,5630,5,0,0
4726,0,197,11871,5817,88,5653,5,0,0
4727,0,178,12973,4760,169,5653,5,0,0
4728,0,195,15010,3888,269,5669,5,0,0
4729,0,317,13531,4700,181,5675,5,0,0
4730,0,237,13680,4688,141,5678,5,0,0
4731,0,219,14070,5470,131,5670,5,0,0
4732,0,187,14833,5307,151,5632,5,0,0
4733,0,230,14608,4050,158,5653,5,0,0
4734,0,337,14521,5084,135,5676,5,0,0
4735,0,238,13792,3763,130,5669,5,0,0
4736,0,216,12980,5465,117,5718,5,0,0
4737,0,189,12047,4035,127,5669,5,0,0
4738,0,181,13180,5011,149,5623,5,0,0
4739,0,231,12100,5229,186,5603,5,0,0
4740,0,271,15414,5323,2697,488162,349,1,0
4741,0,279,12791,5103,114,13134,10,0,0
4742,0,145,12021,3998,329,35214,26,0,0
4743,0,307,10160,3956,108,557,1,0,0
4744,0,312,10792,4883,155,1435,2,0,0
4745,0,229,10551,5248,163,268,1,0,0
4746,0,239,12788,4644,92,257,1,0,0
4747,0,262,12168,4496,102,297,1,0,0
4748,0,265,11349,4921,91,270,1,0,0
4749,0,219,17600,5772,105,271,1,0,0
4750,0,216,12654,4157,113,268,1,0,0
4751,0,162,12099,4862,110,262,1,0,0
4752,0,232,10658,4873,111,264,1,0,0
4753,0,253,12022,5408,117,260,1,0,0
4754,0,205,12423,4013,118,222,1,0,0
4755,0,266,13042,4527,108,271,1,0,0
4756,0,197,10746,4857,188,13251,10,0,0
4757,0,198,10195,4186,171,12079,9,0,0
4758,0,245,9738,4236,198,6380,5,0,0
4759,0,230,9968,4081,150,9028,7,0,0
4760,0,205,12067,4566,124,8542,7,0,0
4761,0,211,16513,5368,144,11244,9,0,0
4762,0,192,13239,4107,203,6067,5,0,0
4763,0,252,11763,4225,109,5764,5,0,0
4764,0,235,11650,3913,183,5675,5,0,0
4765,0,244,10881,4152,149,5675,5,0,0
4766,0,229,10716,4791,115,5707,5,0,0
4767,0,173,9365,5539,90,5649,5,0,0
4768,0,147,10456,4280,141,5712,5,0,0
4769,0,217,9689,3805,91,5642,5,0,0
4770,0,137,9371,4947,118,5664,5,0,0
4771,0,214,9469,4028,196,5650,5,0,0
4772,0,237,8942,3900,207,5661,5,0,0
4773,0,390,9075,4214,169,5671,5,0,0
4774,0,336,8639,3972,129,5704,5,0,0
4775,0,195,8856,4844,170,5631,5,0,0
4776,0,225,8806,4612,101,5650,5,0,0
4777,0,143,9855,4041,99,5630,5,0,0
4778,0,317,8915,4449,126,5635,5,0,0
4779,0,217,10063,3854,287,25064,18,0,0
4780,0,288,9379,4044,118,6215,5,0,0
4781,0,194,9660,4011,188,5825,5,0,0
4782,0,229,8661,3912,106,5596,4,0,0
4783,0,130,8512,4276,149,5606,5,0,0
4784,0,143,8575,5206,84,5588,4,0,0
4785,0,115,8545,4993,86,5606,5,0,0
4786,0,174,8487,5032,90,5612,5,0,0
4787,0,140,8812,5093,118,5613,5,0,0
4788,0,120,9178,4580,97,5610,5,0,0
4789,0,152,8940,4518,98,5631,5,0,0
4790,0,116,8187,4899,141,5630,5,0,0
4791,0,170,9407,4895,85,5634,5,0,0
4792,0,138,9265,4271,72,5617,5,0,0
4793,0,125,8573,4957,90,5605,5,0,0
4794,0,126,9072,4868,84,5629,5,0,0
4795,0,115,8971,4379,75,5591,4,0,0
4796,0,123,7806,5551,87,5628,5,0,0
4797,0,120,7990,5608,86,5645,5,0,0
4798,0,111,7438,5611,101,5607,5,0,0
4799,0,134,8077,5693,81,5592,4,0,0
4800,0,220,8782,5442,1906,488240,349,1,0
4801,0,146,7453,4330,232,13341,10,0,0
4802,0,196,8349,4126,192,36362,26,0,0
4803,0,286,7864,4665,85,489,1,0,0
4804,0,114,7758,5577,74,1411,2,0,0
4805,0,116,7997,5588,72,238,1,0,0
4806,0,122,7542,5656,63,274,1,0,0
4807,0,116,7955,5107,88,269,1,0,0
4808,0,195,9212,5680,68,280,1,0,0
4809,0,140,8021,5539,64,248,1,0,0
4810,0,116,8358,5401,64,259,1,0,0
4811,0,121,9038,4590,68,265,1,0,0
4812,0,118,8639,5294,67,267,1,0,0
4813,0,124,9542,5078,197,268,1,0,0
4814,0,210,9504,4170,99,273,1,0,0
4815,0,217,8301,4275,62,282,1,0,0
4816,0,118,8375,4946,120,13899,10,0,0
4817,0,130,8750,5049,114,12109,9,0,0
4818,0,128,9148,4451,112,6409,5,0,0
4819,0,132,10367,4230,111,8953,7,0,0
4820,0,148,8882,4348,112,8563,7,0,0
4821,0,151,9538,4400,109,11161,8,0,0
4822,0,153,8820,4263,106,6051,5,0,0
4823,0,140,8998,4712,121,5745,5,0,0
4824,0,293,9149,4604,214,5694,5,0,0
4825,0,279,8956,4305,198,5675,5,0,0
4826,0,270,8895,4388,188,5690,5,0,0
4827,0,174,9768,5243,150,23163,17,0,0
4828,0,156,10400,5072,178,6275,5,0,0
4829,0,296,10368,5705,92,5819,5,0,0
4830,0,239,10849,5076,106,5733,5,0,0
4831,0,171,9007,4967,209,5705,5,0,0
4832,0,153,8832,4874,113,5693,5,0,0
4833,0,145,8790,4842,110,5723,5,0,0
4834,0,135,9158,4907,100,5707,5,0,0
4835,0,133,9383,5052,87,5720,5,0,0
4836,0,133,10905,4832,87,5706,5,0,0
4837,0,151,8984,5125,96,5748,5,0,0
4838,0,174,10077,4415,136,5672,5,0,0
4839,0,220,12098,5850,119,5670,5,0,0
4840,0,163,11086,4322,110,5645,5,0,0
4841,0,167,8764,4806,100,5680,5,0,0
4842,0,189,11028,6047,99,5659,5,0,0
4843,0,151,8983,5320,90,5702,5,0,0
4844,0,129,8600,5363,118,5702,5,0,0
4845,0,146,10497,4990,88,5681,5,0,0
4846,0,125,9579,4643,156,5694,5,0,0
4847,0,221,9726,4651,111,5675,5,0,0
4848,0,144,10409,5365,94,5671,5,0,0
4849,0,152,9101,5225,84,5692,5,0,0
4850,0,131,11956,5050,159,5679,5,0,0
4851,0,226,9866,5690,96,5653,5,0,0
4852,0,174,9339,5531,104,5683,5,0,0
4853,0,176,10049,6172,116,5683,5,0,0
4854,0,160,10906,5277,111,5663,5,0,0
4855,0,200,10391,4961,110,5692,5,0,0
4856,0,152,12056,5658,176,5588,4,0,0
4857,0,204,9178,5493,155,5796,5,0,0
4858,0,220,8850,5511,111,5696,5,0,0
4859,0,193,8802,5247,104,5694,5,0,0
4860,0,180,11450,6826,2243,487829,349,1,0
4861,0,181,9512,4931,153,13583,10,0,0
4862,0,227,10584,4448,199,37064,27,0,0
4863,0,157,8865,4801,97,604,1,0,0
4864,0,259,9197,5573,102,1441,2,0,0
4865,0,176,10061,5472,103,275,1,0,0
4866,0,236,9386,5825,102,266,1,0,0
4867,0,181,11795,5385,96,258,1,0,0
4868,0,187,8876,5185,120,266,1,0,0
4869,0,193,8793,5105,71,248,1,0,0
4870,0,144,8854,5332,86,231,1,0,0
4871,0,160,8690,5943,87,245,1,0,0
4872,0,147,9905,5219,100,251,1,0,0
4873,0,183,9115,4931,99,249,1,0,0
4874,0,221,9526,5370,95,262,1,0,0
4875,0,208,8815,5364,84,246,1,0,0
4876,0,161,9205,5505,125,14378,11,0,0
4877,0,135,8267,5257,103,12184,9,0,0
4878,0,150,10551,6290,98,6446,5,0,0
4879,0,159,8969,5152,175,9010,7,0,0
4880,0,221,9150,4873,213,8582,7,0,0
4881,0,225,9770,5614,337,29706,22,0,0
4882,0,209,9054,5214,89,6552,5,0,0
4883,0,146,11118,5107,115,5784,5,0,0
4884,0,169,9813,4989,116,5655,5,0,0
4885,0,178,9486,5720,100,5584,4,0,0
4886,0,159,8830,4971,114,5571,4,0,0
4887,0,149,9554,5597,117,5597,4,0,0
4888,0,140,11864,4709,144,5590,4,0,0
4889,0,234,10065,5828,203,5629,5,0,0
4890,0,194,9527,5452,81,5587,4,0,0
4891,0,136,10623,5579,133,5612,5,0,0
4892,0,198,9621,4875,121,5592,4,0,0
4893,0,188,9656,5423,113,5599,4,0,0
4894,0,168,10507,6627,84,5622,5,0,0
4895,0,191,9651,4671,109,5628,5,0,0
4896,0,243,9752,4520,101,5603,5,0,0
4897,0,173,9684,5538,107,5638,5,0,0
4898,0,151,9739,5533,81,5594,4,0,0
4899,0,158,8279,5538,111,5651,5,0,0
4900,0,119,10267,5209,88,5634,5,0,0
4901,0,163,8566,5086,90,5610,5,0,0
4902,0,156,8491,4858,85,5623,5,0,0
4903,0,118,8739,5457,185,5588,4,0,0
4904,0,245,9573,4713,135,5568,4,0,0
4905,0,181,9841,5476,212,5566,4,0,0
4906,0,169,8940,5190,85,5616,5,0,0
4907,0,170,9914,6168,72,5604,5,0,0
4908,0,140,7211,5487,142,5614,5,0,0
4909,0,469,10299,6189,203,5621,5,0,0
4910,0,254,7766,6186,130,5598,4,0,0
4911,0,154,7572,4536,100,5623,5,0,0
4912,0,167,7674,5104,90,5598,4,0,0
4913,0,260,8626,5756,110,5597,4,0,0
4914,0,228,8762,4719,126,5602,5,0,0
4915,0,229,8442,5407,131,5613,5,0,0
4916,0,195,7828,5009,167,5592,4,0,0
4917,0,238,8413,5626,260,5577,4,0,0
4918,0,298,8852,5199,149,5608,5,0,0
4919,0,200,11126,5560,91,5597,4,0,0
4920,0,478,9634,6394,2816,487654,349,1,0
4921,0,177,10188,6489,118,8003,6,0,0
4922,0,147,10833,5695,278,35223,26,0,0
4923,0,204,9569,5757,100,482,1,0,0
4924,0,189,8677,5228,108,1293,1,0,0
4925,0,210,10347,6149,82,281,1,0,0
4926,0,207,11253,5379,131,284,1,0,0
4927,0,271,9583,5089,156,280,1,0,0
4928,0,223,9353,4906,107,244,1,0,0
4929,0,187,9113,4779,183,265,1,0,0
4930,0,287,11058,5220,93,283,1,0,0
4931,0,231,10933,5977,111,269,1,0,0
4932,0,232,10879,5886,131,260,1,0,0
4933,0,227,9635,6506,87,255,1,0,0
4934,0,167,11282,5152,90,259,1,0,0
4935,0,176,10655,5031,105,228,1,0,0
4936,0,196,10538,4989,252,13650,10,0,0
4937,0,317,9161,4933,267,21045,16,0,0
4938,0,232,9263,4764,165,8777,7,0,0
4939,0,256,10101,5928,122,6216,5,0,0
4940,0,197,9909,5890,143,9202,7,0,0
4941,0,234,9124,5828,121,8788,7,0,0
4942,0,195,9274,6499,129,11279,9,0,0
4943,0,181,9951,4958,170,6038,5,0,0
4944,0,277,9485,5194,117,5724,5,0,0
4945,0,260,8995,5967,119,5705,5,0,0
4946,0,173,9377,6281,116,5646,5,0,0
4947,0,200,10010,6327,130,5642,5,0,0
4948,0,239,9751,6882,93,5633,5,0,0
4949,0,148,10539,4972,263,5627,5,0,0
4950,0,225,11482,6912,95,5636,5,0,0
4951,0,134,11481,5456,122,5583,4,0,0
4952,0,180,9660,6167,221,5615,5,0,0
4953,0,348,10139,4859,188,5654,5,0,0
4954,0,257,11050,5746,235,5631,5,0,0
4955,0,279,9789,6051,115,5632,5,0,0
4956,0,200,8935,6302,117,5635,5,0,0
4957,0,256,10896,5675,175,5615,5,0,0
4958,0,256,8846,6057,135,5618,5,0,0
4959,0,164,11357,5684,128,5652,5,0,0
4960,0,173,9951,6160,86,5635,5,0,0
4961,0,131,9991,4766,208,5736,5,0,0
4962,0,185,10034,5615,104,5680,5,0,0
4963,0,152,9315,6069,98,5672,5,0,0
4964,0,157,9556,4698,87,5684,5,0,0
4965,0,161,8847,5743,133,5688,5,0,0
4966,0,254,9645,5997,108,5604,5,0,0
4967,0,219,9922,6098,117,5619,5,0,0
4968,0,148,10314,5554,138,5600,4,0,0
4969,0,344,9587,5740,201,5628,5,0,0
4970,0,206,8618,5526,148,5664,5,0,0
4971,0,178,8669,5624,108,5617,5,0,0
4972,0,129,8365,5518,97,5630,5,0,0
4973,0,153,8329,5740,88,5632,5,0,0
4974,0,129,8434,5853,93,5636,5,0,0
4975,0,140,8914,6962,174,5629,5,0,0
4976,0,205,8646,5618,217,5635,5,0,0
4977,0,170,8563,4933,220,5636,5,0,0
4978,0,211,8523,5303,171,5637,5,0,0
4979,0,200,10209,5727,108,5612,5,0,0
4980,0,168,8698,6633,4685,487083,348,1,0
4981,0,255,8713,5966,143,13168,10,0,0
4982,0,216,8438,4954,192,37042,27,0,0
4983,0,202,8670,5457,108,507,1,0,0
4984,0,227,9365,5768,112,1531,2,0,0
4985,0,139,10002,6271,79,271,1,0,0
4986,0,148,9244,5508,87,263,1,0,0
4987,0,260,8993,5870,115,285,1,0,0
4988,0,188,8183,5672,85,263,1,0,0
4989,0,174,7932,5772,106,265,1,0,0
4990,0,157,8837,6158,71,273,1,0,0
4991,0,165,12391,5572,148,271,1,0,0
4992,0,271,8638,5570,121,277,1,0,0
4993,0,324,8290,5280,79,285,1,0,0
4994,0,149,8322,6361,75,279,1,0,0
4995,0,276,8348,4802,74,304,1,0,0
4996,0,157,9177,5545,122,14087,11,0,0
4997,0,163,8324,5616,136,12127,9,0,0
4998,0,156,8053,5607,103,6378,5,0,0
4999,0,144,7976,5362,98,8970,7,0,0
5000,0,138,7585,5312,110,8555,7,0,0
5001,0,145,7757,5586,109,11141,8,0,0
5002,0,166,7604,5667,113,6099,5,0,0
5003,0,157,7953,5525,102,5738,5,0,0
5004,0,157,8139,5842,95,5682,5,0,0
5005,0,137,7833,5548,104,5653,5,0,0
5006,0,170,8271,5478,94,5645,5,0,0
5007,0,132,7570,5608,95,5666,5,0,0
5008,0,149,8497,5585,90,5705,5,0,0
5009,0,146,8290,5903,92,5673,5,0,0
5010,0,155,7447,5551,97,5651,5,0,0
5011,0,135,7978,5521,121,5647,5,0,0
5012,0,126,7505,4742,88,5678,5,0,0
5013,0,143,7485,4926,80,5662,5,0,0
5014,0,128,8455,5471,96,5623,5,0,0
5015,0,156,8218,5206,107,5640,5,0,0
5016,0,147,7990,5466,71,5621,5,0,0
5017,0,149,8380,5828,171,5609,5,0,0
5018,0,172,7660,5394,97,5636,5,0,0
5019,0,202,7467,5805,104,5608,5,0,0
5020,0,238,8230,6048,97,5651,5,0,0
5021,0,142,7718,5349,98,5624,5,0,0
5022,0,218,7646,6038,133,5636,5,0,0
5023,0,251,7806,5614,99,5615,5,0,0
5024,0,237,8226,5305,141,5613,5,0,0
5025,0,269,8509,4954,203,5683,5,0,0
5026,0,207,8090,5443,103,5674,5,0,0
5027,0,209,7934,5696,133,5634,5,0,0
5028,0,153,7689,5760,108,5636,5,0,0
5029,0,184,7683,5351,73,5657,5,0,0
5030,0,134,7929,6054,171,5638,5,0,0
5031,0,174,9067,4876,313,5685,5,0,0
5032,0,207,9592,5782,137,5671,5,0,0
5033,0,332,9088,6058,99,5640,5,0,0
5034,0,172,8639,6801,121,5669,5,0,0
5035,0,181,8210,6554,265,5749,5,0,0
5036,0,694,8487,5695,104,5656,5,0,0
5037,0,169,8293,5721,126,5617,5,0,0
5038,0,253,8179,5790,97,5624,5,0,0
5039,0,146,7991,5530,112,5653,5,0,0
5040,0,319,10280,7988,1542,487039,348,1,0
5041,0,195,8889,5691,170,13246,10,0,0
5042,0,166,9045,5950,187,35813,26,0,0
5043,0,200,11200,13410,91,588,1,0,0
5044,0,138,10728,12519,72,1365,1,0,0
5045,0,143,9513,12947,89,275,1,0,0
5046,0,196,10426,11954,139,261,1,0,0
5047,0,197,9735,11824,123,243,1,0,0
5048,0,258,11115,13265,84,270,1,0,0
5049,0,150,8712,14136,111,256,1,0,0
5050,0,174,9719,11549,125,289,1,0,0
5051,0,221,9057,11006,89,260,1,0,0
5052,0,183,10136,5625,71,261,1,0,0
5053,0,153,11265,3921,115,296,1,0,0
5054,0,196,9289,3945,132,262,1,0,0
5055,0,356,9820,4028,87,287,1,0,0
5056,0,210,8567,3602,119,13791,10,0,0
5057,0,173,10183,3930,219,12163,9,0,0
5058,0,263,9556,4133,161,6419,5,0,0
5059,0,233,9135,4122,308,25310,19,0,0
5060,0,330,10987,4595,144,8880,7,0,0
5061,0,197,9214,4679,145,11216,9,0,0
5062,0,191,8928,4652,110,6088,5,0,0
5063,0,169,9010,4905,115,5763,5,0,0
5064,0,169,9928,5576,127,5667,5,0,0
5065,0,134,10049,3807,102,5700,5,0,0
5066,0,133,8974,4657,92,5717,5,0,0
5067,0,192,9505,3827,191,5698,5,0,0
5068,0,387,10380,4188,146,5706,5,0,0
5069,0,217,8786,4347,192,5678,5,0,0
5070,0,312,9615,3982,145,5677,5,0,0
5071,0,194,9087,4031,105,5682,5,0,0
5072,0,169,10945,4560,127,5721,5,0,0
5073,0,154,9210,4840,111,5725,5,0,0
5074,0,165,8786,4850,151,5706,5,0,0
5075,0,215,10095,5085,105,5685,5,0,0
5076,0,176,10090,4662,155,5693,5,0,0
5077,0,256,9841,4709,152,5694,5,0,0
5078,0,256,10304,4482,111,5678,5,0,0
5079,0,187,9939,5105,107,5658,5,0,0
5080,0,181,10901,4555,142,5674,5,0,0
5081,0,259,9047,4310,127,5676,5,0,0
5082,0,220,11056,4219,402,5674,5,0,0
5083,0,293,9749,4105,241,5694,5,0,0
5084,0,251,9443,4007,131,5679,5,0,0
5085,0,200,9692,3976,148,5648,5,0,0
5086,0,250,9843,4023,239,5686,5,0,0
5087,0,215,11190,4255,138,5673,5,0,0
5088,0,174,9983,4292,144,5702,5,0,0
5089,0,195,10863,4718,128,5710,5,0,0
5090,0,221,9078,4787,120,5686,5,0,0
5091,0,180,9905,4576,116,5693,5,0,0
5092,0,189,9261,5105,119,5671,5,0,0
5093,0,184,9282,4765,132,5719,5,0,0
5094,0,169,10263,5317,104,5692,5,0,0
5095,0,166,10696,5176,137,5732,5,0,0
5096,0,181,11394,3950,99,5710,5,0,0
5097,0,141,9301,3848,104,5734,5,0,0
5098,0,187,9547,3856,100,5677,5,0,0
5099,0,174,10647,4122,143,5602,5,0,0
5100,0,189,10661,5502,5848,487634,349,1,0
5101,0,188,8887,4304,162,16855,13,0,0
5102,0,144,8875,4019,293,37092,27,0,0
5103,0,235,9781,4810,85,508,1,0,0
5104,0,200,9518,5213,79,1541,2,0,0
5105,0,132,10663,4433,77,263,1,0,0
5106,0,196,8782,3583,87,277,1,0,0
5107,0,141,8731,3846,94,274,1,0,0
5108,0,193,10761,4964,94,259,1,0,0
5109,0,176,8251,4154,88,263,1,0,0
5110,0,147,9608,3981,120,266,1,0,0
5111,0,246,9866,4053,78,239,1,0,0
5112,0,172,11070,4515,118,261,1,0,0
5113,0,153,8573,4660,88,252,1,0,0
5114,0,309,9949,3876,72,247,1,0,0
5115,0,195,9172,4488,104,267,1,0,0
5116,0,211,9184,4749,115,13646,10,0,0
5117,0,122,9114,5477,119,12188,9,0,0
5118,0,126,11500,3831,131,6398,5,0,0
5119,0,283,10051,4105,231,9018,7,0,0
5120,0,252,10024,3982,177,8553,7,0,0
5121,0,331,10095,4009,168,11187,8,0,0
5122,0,217,13429,4856,155,6052,5,0,0
5123,0,221,10213,4747,136,5719,5,0,0
5124,0,212,10701,5031,174,5707,5,0,0
5125,0,216,10322,5382,186,5693,5,0,0
5126,0,197,9616,5228,135,5690,5,0,0
5127,0,207,9554,4969,107,5674,5,0,0
5128,0,184,8601,5058,116,5664,5,0,0
5129,0,194,10040,5697,112,5643,5,0,0
5130,0,171,12191,5061,131,5602,5,0,0
5131,0,193,12080,5261,136,5607,5,0,0
5132,0,163,11055,5104,163,5596,4,0,0
5133,0,197,11722,4465,134,5630,5,0,0
5134,0,202,10382,4680,125,5684,5,0,0
5135,0,172,11927,4320,151,5617,5,0,0
5136,0,184,12059,4737,149,5649,5,0,0
5137,0,185,12793,4134,141,5649,5,0,0
5138,0,172,12098,4182,177,5641,5,0,0
5139,0,805,10243,4343,145,5812,5,0,0
5140,0,212,14062,4181,156,5691,5,0,0
5141,0,394,10699,4294,278,5643,5,0,0
5142,0,214,10930,3939,145,5683,5,0,0
5143,0,272,13660,4865,143,5639,5,0,0
5144,0,246,10765,4146,340,5628,5,0,0
5145,0,201,10690,3959,437,5618,5,0,0
5146,0,289,13054,4165,300,5605,5,0,0
5147,0,257,10327,3960,125,5642,5,0,0
5148,0,159,11286,4032,149,5672,5,0,0
5149,0,229,13391,3953,133,5585,4,0,0
5150,0,486,11022,4093,178,5653,5,0,0
5151,0,259,12644,3963,149,5615,5,0,0
5152,0,271,11975,4204,291,5641,5,0,0
5153,0,494,10957,4200,252,5641,5,0,0
5154,0,209,12551,4083,129,5672,5,0,0
5155,0,172,12121,4026,164,5671,5,0,0
5156,0,436,10972,4914,279,5663,5,0,0
5157,0,267,10822,4596,460,5683,5,0,0
5158,0,372,11152,4627,180,5668,5,0,0
5159,0,1791,14172,5016,146,5689,5,0,0
5160,0,286,12239,5064,5322,487735,349,1,0
5161,0,220,10423,5736,498,56890,41,0,0
5162,0,238,10807,5199,190,22977,17,0,0
5163,0,247,10664,4304,133,1679,2,0,0
5164,0,249,9628,4119,95,1630,2,0,0
5165,0,258,14090,4635,121,1607,2,0,0
5166,0,237,9959,4142,136,289,1,0,0
5167,0,374,11457,4743,133,300,1,0,0
5168,0,204,12607,5400,157,9746,7,0,0
5169,0,276,10658,4563,142,316,1,0,0
5170,0,228,11578,5405,195,269,1,0,0
5171,0,222,12086,5752,102,248,1,0,0
5172,0,213,11569,5846,106,278,1,0,0
5173,0,210,10260,5755,126,249,1,0,0
5174,0,243,11117,5960,120,259,1,0,0
5175,0,247,11956,5685,157,251,1,0,0
5176,0,291,12064,5446,116,248,1,0,0
5177,0,205,13646,4758,197,10705,8,0,0
5178,0,218,11138,5160,236,12699,10,0,0
5179,0,209,13028,4632,149,7363,6,0,0
5180,0,220,11043,4712,168,6065,5,0,0
5181,0,401,11813,5095,408,9403,7,0,0
5182,0,440,11343,4939,217,8892,7,0,0
5183,0,395,11243,4658,190,11458,9,0,0
5184,0,333,10807,4726,370,6155,5,0,0
5185,0,587,10750,4626,118,5900,5,0,0
5186,0,189,11325,4667,845,5796,5,0,0
5187,0,456,11094,4673,111,5801,5,0,0
5188,0,236,12276,4763,187,5745,5,0,0
5189,0,720,10776,5197,143,5738,5,0,0
5190,0,168,11614,4995,132,5754,5,0,0
5191,0,178,12044,5521,215,5762,5,0,0
5192,0,516,10288,5819,123,5826,5,0,0
5193,0,203,10845,5722,294,5796,5,0,0
5194,0,353,9368,6320,137,5777,5,0,0
5195,0,238,11011,5675,193,5719,5,0,0
5196,0,242,10232,5055,134,5804,5,0,0
5197,0,182,9168,4661,161,5780,5,0,0
5198,0,197,9467,4887,191,5792,5,0,0
5199,0,235,11445,4694,140,5764,5,0,0
5200,0,254,8657,5345,276,5769,5,0,0
5201,0,276,8959,5013,180,5764,5,0,0
5202,0,206,8995,4634,171,5859,5,0,0
5203,0,334,9020,5110,125,5776,5,0,0
5204,0,195,8176,5089,171,5727,5,0,0
5205,0,225,8652,4508,201,5736,5,0,0
5206,0,225,9026,5308,398,5755,5,0,0
5207,0,212,9034,5188,248,25288,19,0,0
5208,0,160,9359,5696,122,6277,5,0,0
5209,0,185,9175,5697,111,5795,5,0,0
5210,0,175,10490,5767,118,5685,5,0,0
5211,0,252,8753,4836,105,5740,5,0,0
5212,0,157,8641,5214,124,5663,5,0,0
5213,0,170,8645,5265,97,5706,5,0,0
5214,0,136,8315,4925,110,5690,5,0,0
5215,0,155,8539,5218,105,5680,5,0,0
5216,0,157,8568,5381,127,5705,5,0,0
5217,0,150,9225,4998,115,5713,5,0,0
5218,0,156,9910,5908,90,5725,5,0,0
5219,0,127,8836,5518,81,5721,5,0,0
5220,0,121,10419,6594,1747,488183,349,1,0
5221,0,170,10458,4849,160,15188,11,0,0
5222,0,169,9092,5469,232,39304,29,0,0
5223,0,176,9469,5281,86,999,1,0,0
5224,0,157,9354,6379,119,2415,2,0,0
5225,0,171,10110,4722,122,2765,2,0,0
5226,0,178,9549,5248,83,280,1,0,0
5227,0,154,9424,5532,96,271,1,0,0
5228,0,149,9567,5369,93,266,1,0,0
5229,0,153,10313,6516,84,273,1,0,0
5230,0,199,10276,5055,82,270,1,0,0
5231,0,124,10506,6384,64,251,1,0,0
5232,0,110,11659,5368,78,251,1,0,0
5233,0,138,10039,5127,85,266,1,0,0
5234,0,135,9942,6364,65,246,1,0,0
5235,0,116,9951,4759,120,278,1,0,0
5236,0,223,11504,5640,126,10670,8,0,0
5237,0,191,11027,5891,245,11579,9,0,0
5238,0,237,10318,5655,114,7129,6,0,0
5239,0,186,11501,5861,216,5985,5,0,0
5240,0,271,11061,6007,178,9225,7,0,0
5241,0,215,13141,4967,195,8669,7,0,0
5242,0,225,9794,4977,159,11193,8,0,0
5243,0,215,10249,6274,93,6040,5,0,0
5244,0,137,12191,6088,236,5746,5,0,0
5245,0,199,11108,6330,159,5693,5,0,0
5246,0,199,12036,5708,240,5741,5,0,0
5247,0,314,11320,5944,136,5712,5,0,0
5248,0,199,11704,4995,179,23130,17,0,0
5249,0,205,11836,6311,96,6267,5,0,0
5250,0,191,13404,5577,110,5698,5,0,0
5251,0,153,13103,6092,263,5596,4,0,0
5252,0,265,11953,6486,111,5613,5,0,0
5253,0,236,13139,5766,131,5654,5,0,0
5254,0,231,11493,5302,138,5616,5,0,0
5255,0,338,12214,5680,108,5646,5,0,0
5256,0,158,12088,5712,207,5633,5,0,0
5257,0,228,12306,6426,145,5635,5,0,0
5258,0,221,13384,6167,125,5632,5,0,0
5259,0,223,11773,6455,135,5597,4,0,0
5260,0,204,12253,5379,91,5608,5,0,0
5261,0,139,14111,5692,225,5618,5,0,0
5262,0,154,11636,5709,117,5623,5,0,0
5263,0,192,11104,5310,136,5602,5,0,0
5264,0,205,10552,5113,97,5586,4,0,0
5265,0,185,12445,6013,192,5552,4,0,0
5266,0,292,11544,5637,149,5607,5,0,0
5267,0,226,12169,5194,108,5599,4,0,0
5268,0,193,12521,6571,204,5731,5,0,0
5269,0,236,14123,5964,122,5576,4,0,0
5270,0,377,10725,5787,211,5630,5,0,0
5271,0,243,11724,6283,109,5653,5,0,0
5272,0,174,13013,5901,167,5640,5,0,0
5273,0,161,14281,6536,142,5613,5,0,0
5274,0,205,15614,5969,97,5659,5,0,0
5275,0,138,13876,6561,112,5659,5,0,0
5276,0,229,12279,6258,98,5609,5,0,0
5277,0,140,13125,5838,105,5600,4,0,0
5278,0,198,12715,6595,158,5605,5,0,0
5279,0,214,12500,5900,153,5646,5,0,0
5280,0,159,14438,6802,2023,487073,348,1,0
5281,0,216,15769,5471,432,78205,56,0,0
5282,0,281,10618,5943,218,26492,19,0,0
5283,0,196,12989,4748,145,1909,2,0,0
5284,0,215,10543,5122,118,1760,2,0,0
5285,0,180,11233,6087,145,2110,2,0,0
5286,0,203,9190,5874,115,254,1,0,0
5287,0,188,9194,5826,91,271,1,0,0
5288,0,210,9042,6438,118,271,1,0,0
5289,0,432,9757,5754,164,260,1,0,0
5290,0,345,9328,6427,94,261,1,0,0
5291,0,167,9787,6077,114,235,1,0,0
5292,0,225,9340,5608,94,258,1,0,0
5293,0,211,9473,5744,105,255,1,0,0
5294,0,166,9319,6093,121,10278,8,0,0
5295,0,224,9547,5668,84,336,1,0,0
5296,0,171,10496,5934,124,254,1,0,0
5297,0,153,11920,5550,89,270,1,0,0
5298,0,185,9916,6416,205,15220,11,0,0
5299,0,480,9667,6181,132,12272,9,0,0
5300,0,192,12000,6773,116,6528,5,0,0
5301,0,151,12189,5912,144,9252,7,0,0
5302,0,171,9525,6403,174,8779,7,0,0
5303,0,277,10063,5857,134,11458,9,0,0
5304,0,172,9501,6820,137,6181,5,0,0
5305,0,212,12243,5900,103,5810,5,0,0
5306,0,160,9874,6503,150,5712,5,0,0
5307,0,284,10568,5008,107,5744,5,0,0
5308,0,341,11550,5411,132,5741,5,0,0
5309,0,226,10676,5953,127,5746,5,0,0
5310,0,220,9782,6095,126,5733,5,0,0
5311,0,184,11191,5363,211,5721,5,0,0
5312,0,239,9819,5017,172,5750,5,0,0
5313,0,198,11117,5069,152,5759,5,0,0
5314,0,213,10261,5234,199,5755,5,0,0
5315,0,245,11378,6606,124,5766,5,0,0
5316,0,279,10294,5805,196,5762,5,0,0
5317,0,239,9632,6303,105,5778,5,0,0
5318,0,164,11820,5537,193,5723,5,0,0
5319,0,267,10665,5692,110,5710,5,0,0
5320,0,195,10285,5698,127,5691,5,0,0
5321,0,135,9044,6522,266,5742,5,0,0
5322,0,289,9456,5343,153,5709,5,0,0
5323,0,212,10002,5648,126,5722,5,0,0
5324,0,180,11503,5156,462,5716,5,0,0
5325,0,293,9982,5215,224,5713,5,0,0
5326,0,190,10008,5074,130,5717,5,0,0
5327,0,192,11122,5229,179,5691,5,0,0
5328,0,277,9325,5344,229,5702,5,0,0
5329,0,246,11456,6048,103,5744,5,0,0
5330,0,173,9648,5126,139,5845,5,0,0
5331,0,189,8833,5368,147,5763,5,0,0
5332,0,240,9259,5395,150,5801,5,0,0
5333,0,230,9311,5156,102,5784,5,0,0
5334,0,172,9942,5265,130,5737,5,0,0
5335,0,243,10968,5940,117,5746,5,0,0
5336,0,200,9437,6258,125,5731,5,0,0
5337,0,144,9925,6532,187,5698,5,0,0
5338,0,348,9901,5880,120,5734,5,0,0
5339,0,172,10927,6767,257,5681,5,0,0
5340,0,231,11236,6655,5158,487754,349,1,0
5341,0,216,9290,6180,131,13205,10,0,0
5342,0,180,10384,6494,254,43628,32,0,0
5343,0,178,11861,6186,85,648,1,0,0
5344,0,175,11091,6569,144,1590,2,0,0
5345,0,161,8870,6602,231,9727,7,0,0
5346,0,183,8948,4896,118,292,1,0,0
5347,0,208,9925,5295,85,256,1,0,0
5348,0,168,9423,5787,125,253,1,0,0
5349,0,173,13069,5724,138,251,1,0,0
5350,0,211,9072,5569,96,299,1,0,0
5351,0,199,11238,5563,81,261,1,0,0
5352,0,168,10352,5821,96,269,1,0,0
5353,0,185,10181,6619,92,247,1,0,0
5354,0,146,9338,5367,106,276,1,0,0
5355,0,196,9812,5177,84,280,1,0,0
5356,0,162,9750,11264,128,10616,8,0,0
5357,0,171,8496,13938,129,5885,5,0,0
5358,0,215,11204,11966,165,13120,10,0,0
5359,0,210,9248,11370,170,6571,5,0,0
5360,0,231,9886,13667,141,9095,7,0,0
5361,0,169,8579,12278,164,8657,7,0,0
5362,0,243,10796,12105,116,11242,9,0,0
5363,0,152,11855,11638,146,6131,5,0,0
5364,0,254,12046,12976,163,5817,5,0,0
5365,0,220,9400,4130,239,5747,5,0,0
5366,0,267,9372,4107,178,5704,5,0,0
5367,0,247,9309,4061,254,5720,5,0,0
5368,0,334,13302,4962,158,5747,5,0,0
5369,0,222,10633,4925,134,5738,5,0,0
5370,0,190,10264,4939,89,5717,5,0,0
5371,0,146,9793,4172,252,5755,5,0,0
5372,0,536,9644,4749,126,5770,5,0,0
5373,0,199,11975,4522,123,5687,5,0,0
5374,0,204,11976,4895,149,5755,5,0,0
5375,0,211,11554,4035,130,5749,5,0,0
5376,0,199,13472,4522,165,5746,5,0,0
5377,0,210,11992,4303,145,5712,5,0,0
5378,0,201,11127,4275,143,5718,5,0,0
5379,0,207,13048,4179,110,5636,5,0,0
5380,0,231,12337,8426,157,5718,5,0,0
5381,0,2101,24608,4225,160,5721,5,0,0
5382,0,194,12526,4264,136,5748,5,0,0
5383,0,199,13446,4329,149,5752,5,0,0
5384,0,225,13763,4346,165,5711,5,0,0
5385,0,279,12771,5281,134,5734,5,0,0
5386,0,222,13789,5251,165,11793,9,0,0
5387,0,224,11808,5554,133,5814,5,0,0
5388,0,203,11953,5881,149,5793,5,0,0
5389,0,245,15978,4113,153,5767,5,0,0
5390,0,221,16279,5334,286,5892,5,0,0
5391,0,243,11468,4493,201,5812,5,0,0
5392,0,339,18600,5039,150,5769,5,0,0
5393,0,204,11648,5352,146,5807,5,0,0
5394,0,213,16366,4389,153,5773,5,0,0
5395,0,360,22020,4222,229,5789,5,0,0
5396,0,424,11934,4420,185,5761,5,0,0
5397,0,1524,11925,4255,288,5730,5,0,0
5398,0,230,14111,5582,149,5744,5,0,0
5399,0,240,11048,4810,148,5744,5,0,0
5400,0,227,18668,8843,6221,492968,353,1,0
5401,0,260,11758,4898,307,41036,30,0,0
5402,0,293,11088,4252,116,958,1,0,0
5403,0,254,11477,6096,259,6973,5,0,0
5404,0,12785,35564,4874,174,1631,2,0,0
5405,0,558,12806,4325,183,2510,2,0,0
5406,0,397,15518,4997,162,278,1,0,0
5407,0,319,10690,4652,105,268,1,0,0
5408,0,289,12287,4197,130,279,1,0,0
5409,0,267,13314,4269,255,275,1,0,0
5410,0,259,8901,4482,101,270,1,0,0
5411,0,218,12341,4163,207,297,1,0,0
5412,0,293,9596,3978,74,272,1,0,0
5413,0,168,10648,4135,238,260,1,0,0
5414,0,290,9066,4167,188,257,1,0,0
5415,0,355,11629,5038,83,226,1,0,0
5416,0,166,10587,3926,235,13992,10,0,0
5417,0,203,8634,4679,128,11814,9,0,0
5418,0,146,8760,4711,111,7450,6,0,0
5419,0,277,8351,5011,127,6051,5,0,0
5420,0,188,10829,5299,300,9248,7,0,0
5421,0,269,8777,5218,125,8710,7,0,0
5422,0,228,8690,4950,193,11209,9,0,0
5423,0,242,8778,4040,182,6060,5,0,0
5424,0,175,10253,3751,126,17949,13,0,0
5425,0,141,10495,4061,97,5880,5,0,0
5426,0,218,9270,4051,193,5925,5,0,0
5427,0,215,9282,4305,137,5924,5,0,0
5428,0,188,8788,4154,124,5866,5,0,0
5429,0,172,9583,4243,98,5836,5,0,0
5430,0,126,10286,3935,149,5880,5,0,0
5431,0,230,9536,3868,182,5852,5,0,0
5432,0,275,10169,4401,108,5880,5,0,0
5433,0,312,9703,4120,219,5874,5,0,0
5434,0,212,13006,4692,183,5885,5,0,0
5435,0,218,10878,4973,104,5857,5,0,0
5436,0,184,9984,5423,125,5865,5,0,0
5437,0,249,12510,4227,159,5861,5,0,0
5438,0,699,10341,4414,213,5861,5,0,0
5439,0,341,12063,5169,161,5931,5,0,0
5440,0,236,10979,5104,105,5912,5,0,0
5441,0,198,11403,5642,160,5892,5,0,0
5442,0,228,13980,5295,153,5878,5,0,0
5443,0,197,13107,4239,219,5936,5,0,0
5444,0,586,10627,3911,184,5904,5,0,0
5445,0,305,11269,4247,205,5926,5,0,0
5446,0,223,12394,4828,139,5893,5,0,0
5447,0,288,12470,5135,149,5904,5,0,0
5448,0,208,13411,5640,99,5865,5,0,0
5449,0,158,12242,5783,129,5872,5,0,0
5450,0,182,14284,4582,157,5850,5,0,0
5451,0,280,10417,5195,195,24519,18,0,0
5452,0,185,10751,4217,128,6474,5,0,0
5453,0,206,10731,3952,183,6019,5,0,0
5454,0,255,12186,5391,234,5857,5,0,0
5455,0,273,11201,5374,137,5849,5,0,0
5456,0,178,13353,5167,95,5827,5,0,0
5457,0,152,13262,5153,186,5827,5,0,0
5458,0,266,12892,5644,136,5818,5,0,0
5459,0,276,15903,4313,233,5822,5,0,0
5460,0,292,15354,5764,3838,494667,354,1,0
5461,0,220,14805,4205,520,61482,44,0,0
5462,0,246,11683,5166,227,24890,18,0,0
5463,0,191,14386,5750,111,1805,2,0,0
5464,0,199,14915,5478,100,1669,2,0,0
5465,0,220,12905,4401,253,2049,2,0,0
5466,0,281,11824,5236,103,291,1,0,0
5467,0,228,14657,5535,108,266,1,0,0
5468,0,208,12922,5527,107,278,1,0,0
5469,0,175,13541,6054,109,262,1,0,0
5470,0,218,12217,5188,116,304,1,0,0
5471,0,311,14488,6354,110,307,1,0,0
5472,0,190,12355,5519,81,266,1,0,0
5473,0,186,12707,4261,110,234,1,0,0
5474,0,218,13005,4879,301,232,1,0,0
5475,0,198,12175,6958,96,274,1,0,0
5476,0,192,10662,5555,82,256,1,0,0
5477,0,219,13309,5414,126,7904,6,0,0
5478,0,191,11436,5735,129,12165,9,0,0
5479,0,236,11806,5189,126,8959,7,0,0
5480,0,187,12161,4978,223,6284,5,0,0
5481,0,332,11938,5193,100,9460,7,0,0
5482,0,125,14017,5470,104,8942,7,0,0
5483,0,181,12192,5620,200,11699,9,0,0
5484,0,412,11287,5371,119,6236,5,0,0
5485,0,166,13606,4278,179,5890,5,0,0
5486,0,215,11670,5855,114,5872,5,0,0
5487,0,130,12438,5619,100,5830,5,0,0
5488,0,157,13407,4760,173,5810,5,0,0
5489,0,263,12471,5545,104,5864,5,0,0
5490,0,193,13976,5651,184,5829,5,0,0
5491,0,208,11253,5667,114,5808,5,0,0
5492,0,163,14446,5824,280,5822,5,0,0
5493,0,170,12317,4829,144,5872,5,0,0
5494,0,383,14165,5751,112,5872,5,0,0
5495,0,240,12932,4563,164,5834,5,0,0
5496,0,275,13422,5541,176,5857,5,0,0
5497,0,236,12688,5381,161,5837,5,0,0
5498,0,188,13187,5643,139,5880,5,0,0
5499,0,192,15957,4728,251,5852,5,0,0
5500,0,266,11241,4677,228,5906,5,0,0
5501,0,429,12363,5377,138,5831,5,0,0
5502,0,254,11862,6403,141,5831,5,0,0
5503,0,188,13468,4721,131,5786,5,0,0
5504,0,218,13720,5261,197,5833,5,0,0
5505,0,181,13427,4538,114,5828,5,0,0
5506,0,230,12524,5348,163,5852,5,0,0
5507,0,174,11717,4711,192,5858,5,0,0
5508,0,273,13988,5665,219,5839,5,0,0
5509,0,174,13227,6225,150,5846,5,0,0
5510,0,216,15529,5668,123,5943,5,0,0
5511,0,156,14378,5596,150,5822,5,0,0
5512,0,214,12357,6046,278,5843,5,0,0
5513,0,208,16315,5752,143,5841,5,0,0
5514,0,205,12335,4649,130,5844,5,0,0
5515,0,239,15837,6263,123,5845,5,0,0
5516,0,236,12184,5845,147,5850,5,0,0
5517,0,232,14442,5786,156,5859,5,0,0
5518,0,226,12922,5822,133,5893,5,0,0
5519,0,197,15811,5639,152,5861,5,0,0
5520,0,206,13316,5960,5036,494398,354,1,0
5521,0,218,16004,5163,180,15273,11,0,0
5522,0,236,11485,6330,330,42029,31,0,0
5523,0,257,12643,4657,163,991,1,0,0
5524,0,596,12708,5396,117,2450,2,0,0
5525,0,222,11352,6106,137,3331,3,0,0
5526,0,231,10981,5843,102,237,1,0,0
5527,0,760,12114,4910,127,249,1,0,0
5528,0,298,15693,5913,94,249,1,0,0
5529,0,198,12041,6144,144,254,1,0,0
5530,0,208,15500,6686,74,274,1,0,0
5531,0,171,10951,6547,158,261,1,0,0
5532,0,265,10904,4788,127,283,1,0,0
5533,0,230,13150,5157,111,253,1,0,0
5534,0,297,11976,5972,109,285,1,0,0
5535,0,233,12621,6079,92,274,1,0,0
5536,0,200,14373,5481,137,8795,7,0,0
5537,0,262,11863,6043,123,3409,3,0,0
5538,0,172,11863,5999,152,13301,10,0,0
5539,0,251,11248,5431,140,6569,5,0,0
5540,0,224,11217,5746,240,25357,19,0,0
5541,0,224,11724,6302,197,9111,7,0,0
5542,0,196,13341,4793,190,11530,9,0,0
5543,0,214,11082,5064,303,6329,5,0,0
5544,0,386,10970,4844,174,6043,5,0,0
5545,0,210,11693,4943,178,5921,5,0,0
5546,0,217,11678,5439,137,5952,5,0,0
5547,0,201,12372,5983,139,5972,5,0,0
5548,0,276,11668,6231,160,5951,5,0,0
5549,0,351,10774,5694,106,5985,5,0,0
5550,0,202,13698,5966,133,5956,5,0,0
5551,0,204,12160,4791,103,6001,5,0,0
5552,0,229,11275,4923,167,5961,5,0,0
5553,0,241,10907,5066,147,5991,5,0,0
5554,0,315,12090,6110,229,5945,5,0,0
5555,0,248,10407,5930,142,5947,5,0,0
5556,0,214,13218,5687,129,5913,5,0,0
5557,0,185,9426,6154,104,5933,5,0,0
5558,0,186,10081,5964,150,5940,5,0,0
5559,0,245,9650,6030,148,5950,5,0,0
5560,0,209,9279,6147,116,5956,5,0,0
5561,0,211,10645,5182,146,5929,5,0,0
5562,0,188,8640,5202,166,5978,5,0,0
5563,0,185,10228,4765,165,5956,5,0,0
5564,0,214,10493,6036,240,5925,5,0,0
5565,0,241,10805,5874,133,5920,5,0,0
5566,0,170,10903,5664,139,5960,5,0,0
5567,0,271,13901,7196,128,5963,5,0,0
5568,0,205,11290,6292,364,5942,5,0,0
5569,0,240,9654,5174,291,6077,5,0,0
5570,0,248,9400,5714,204,5921,5,0,0
5571,0,179,8859,5997,158,5930,5,0,0
5572,0,270,8498,5735,148,5973,5,0,0
5573,0,252,9801,5871,171,5950,5,0,0
5574,0,227,10087,6132,146,5953,5,0,0
5575,0,203,9992,6623,105,5947,5,0,0
5576,0,190,11737,4925,166,5955,5,0,0
5577,0,233,10928,5360,171,5982,5,0,0
5578,0,214,11646,5037,342,25268,19,0,0
5579,0,262,10514,5349,161,6574,5,0,0
5580,0,254,10465,7827,4151,494712,354,1,0
5581,0,233,10106,4879,134,8826,7,0,0
5582,0,178,9743,5177,273,41659,30,0,0
5583,0,254,9473,5242,105,646,1,0,0
5584,0,283,11549,5174,158,1618,2,0,0
5585,0,204,11029,5809,111,255,1,0,0
5586,0,195,10441,6475,87,252,1,0,0
5587,0,161,9337,4965,117,270,1,0,0
5588,0,234,8590,6180,111,240,1,0,0
5589,0,248,10433,5647,268,247,1,0,0
5590,0,234,11458,5292,166,264,1,0,0
5591,0,216,10028,5023,124,262,1,0,0
5592,0,339,10463,5167,220,283,1,0,0
5593,0,374,10377,5642,106,281,1,0,0
5594,0,200,11474,6306,139,262,1,0,0
5595,0,191,9944,7072,99,259,1,0,0
5596,0,202,12143,6212,192,11343,9,0,0
5597,0,441,11573,5519,280,12516,9,0,0
5598,0,243,10591,5264,410,7369,6,0,0
5599,0,291,11528,5303,148,6145,5,0,0
5600,0,405,10653,4886,177,9401,7,0,0
5601,0,229,11150,5071,156,8861,7,0,0
5602,0,195,11043,5234,220,11512,9,0,0
5603,0,197,11647,6100,263,6269,5,0,0
5604,0,311,11481,6773,142,5943,5,0,0
5605,0,200,11346,6394,133,5874,5,0,0
5606,0,215,13965,5647,134,5903,5,0,0
5607,0,244,12480,11085,168,5947,5,0,0
5608,0,477,11768,10757,132,5923,5,0,0
5609,0,180,11748,12019,103,5916,5,0,0
5610,0,537,12249,10421,145,5941,5,0,0
5611,0,217,11262,12173,227,5907,5,0,0
5612,0,247,12293,10796,164,5910,5,0,0
5613,0,169,12437,11876,118,5866,5,0,0
5614,0,151,14354,12038,151,5945,5,0,0
5615,0,178,12511,10146,168,23356,17,0,0
5616,0,183,11369,4230,262,6479,5,0,0
5617,0,294,11744,4954,137,5990,5,0,0
5618,0,172,11492,5438,142,5854,5,0,0
5619,0,184,12274,4464,146,5840,5,0,0
5620,0,159,12156,5120,219,5845,5,0,0
5621,0,397,14371,5355,129,5851,5,0,0
5622,0,226,11054,5060,149,5821,5,0,0
5623,0,211,10695,6040,95,5818,5,0,0
5624,0,153,12909,5173,273,5879,5,0,0
5625,0,349,11726,5146,283,5860,5,0,0
5626,0,278,12562,5620,97,5884,5,0,0
5627,0,135,12659,4592,164,5854,5,0,0
5628,0,213,13314,5575,140,5966,5,0,0
5629,0,168,14026,5689,133,5880,5,0,0
5630,0,197,12516,4346,121,5852,5,0,0
5631,0,160,12371,5062,127,5861,5,0,0
5632,0,242,10821,5650,101,5883,5,0,0
5633,0,141,13319,5700,166,5876,5,0,0
5634,0,176,13124,5081,109,5867,5,0,0
5635,0,226,14212,5523,127,5874,5,0,0
5636,0,179,13738,5265,164,5823,5,0,0
5637,0,224,14239,4326,200,5814,5,0,0
5638,0,270,13799,5611,145,5826,5,0,0
5639,0,171,13467,4200,159,5813,5,0,0
5640,0,272,14977,6803,5695,494445,354,1,0
5641,0,204,12982,5639,193,8785,7,0,0
5642,0,308,12594,5842,409,42505,31,0,0
5643,0,203,12731,4370,103,670,1,0,0
5644,0,165,11431,5371,78,1599,2,0,0
5645,0,150,13299,4957,72,282,1,0,0
5646,0,202,13513,5654,113,256,1,0,0
5647,0,212,12570,4471,172,243,1,0,0
5648,0,271,13097,5062,142,275,1,0,0
5649,0,288,12512,5361,57,228,1,0,0
5650,0,269,14788,5338,109,348,1,0,0
5651,0,236,11281,6011,63,232,1,0,0
5652,0,178,10436,5490,107,225,1,0,0
5653,0,187,12126,4374,179,256,1,0,0
5654,0,337,11876,4391,177,254,1,0,0
5655,0,411,13475,5600,101,233,1,0,0
5656,0,200,14529,5319,180,11050,8,0,0
5657,0,230,11336,4219,416,12359,9,0,0
5658,0,241,12208,5283,157,20799,15,0,0
5659,0,186,12729,4390,101,7122,6,0,0
5660,0,176,11313,4986,109,6063,5,0,0
5661,0,147,10431,5474,129,9513,7,0,0
5662,0,144,12529,4502,177,9098,7,0,0
5663,0,234,10233,6025,283,11601,9,0,0
5664,0,139,13350,4257,138,6288,5,0,0
5665,0,200,11895,5651,128,6017,5,0,0
5666,0,207,12091,4214,207,5973,5,0,0
5667,0,154,12265,4825,216,5992,5,0,0
5668,0,241,12628,4994,152,5963,5,0,0
5669,0,252,12732,5360,168,5992,5,0,0
5670,0,265,10854,5595,124,5966,5,0,0
5671,0,264,14660,4892,143,5962,5,0,0
5672,0,242,12033,4579,211,5968,5,0,0
5673,0,660,11796,4548,146,5969,5,0,0
5674,0,194,12452,5456,142,5955,5,0,0
5675,0,219,13133,4152,94,5909,5,0,0
5676,0,142,13522,5332,326,5942,5,0,0
5677,0,246,10988,5128,156,5991,5,0,0
5678,0,244,11385,5921,144,5970,5,0,0
5679,0,232,12908,4626,135,5968,5,0,0
5680,0,156,13474,4260,201,5954,5,0,0
5681,0,225,11522,4309,183,5956,5,0,0
5682,0,299,11629,4187,167,6000,5,0,0
5683,0,249,17803,4385,164,5968,5,0,0
5684,0,211,13797,4384,428,5977,5,0,0
5685,0,286,12759,5448,327,6016,5,0,0
5686,0,236,12913,5324,145,5956,5,0,0
5687,0,234,11221,4757,173,6118,5,0,0
5688,0,264,10939,4526,171,6017,5,0,0
5689,0,266,13128,5048,141,6021,5,0,0
5690,0,330,10881,5143,132,5961,5,0,0
5691,0,215,10874,5139,109,5940,5,0,0
5692,0,187,10904,4604,203,5943,5,0,0
5693,0,207,11886,4375,226,5922,5,0,0
5694,0,262,12185,4426,224,5938,5,0,0
5695,0,325,13553,4434,141,5970,5,0,0
5696,0,270,11073,5270,166,5990,5,0,0
5697,0,221,11071,4551,168,5950,5,0,0
5698,0,234,11509,4193,183,5952,5,0,0
5699,0,272,11073,4383,140,5981,5,0,0
5700,0,289,10765,6307,4524,494809,354,1,0
5701,0,322,11158,5373,190,12653,10,0,0
5702,0,223,12132,5246,329,42710,31,0,0
5703,0,236,12128,5353,111,576,1,0,0
5704,0,537,13918,6038,113,1765,2,0,0
5705,0,195,14525,4708,159,258,1,0,0
5706,0,420,11360,4511,168,9710,7,0,0
5707,0,237,12582,4338,93,269,1,0,0
5708,0,183,12563,4611,143,258,1,0,0
5709,0,226,11758,4293,289,238,1,0,0
5710,0,713,9974,4226,126,256,1,0,0
5711,0,906,10465,4255,125,254,1,0,0
5712,0,321,12008,4380,132,208,1,0,0
5713,0,319,10294,5133,99,287,1,0,0
5714,0,202,12168,4279,99,238,1,0,0
5715,0,175,13270,5237,210,259,1,0,0
5716,0,256,11157,5150,256,10545,8,0,0
5717,0,289,12146,4716,251,8824,7,0,0
5718,0,281,12303,5871,163,12148,9,0,0
5719,0,267,12885,6221,120,6611,5,0,0
5720,0,387,10417,6030,146,9366,7,0,0
5721,0,209,15192,5280,156,8942,7,0,0
5722,0,189,13267,6689,261,20475,15,0,0
5723,0,261,12487,6235,337,6427,5,0,0
5724,0,272,13058,5707,127,6031,5,0,0
5725,0,243,10350,5676,128,5976,5,0,0
5726,0,194,10420,6530,201,5972,5,0,0
5727,0,225,14587,5086,149,5960,5,0,0
5728,0,203,10523,4841,223,5977,5,0,0
5729,0,232,10274,4864,149,5940,5,0,0
5730,0,238,12026,5489,273,5957,5,0,0
5731,0,226,10162,5934,151,5969,5,0,0
5732,0,248,11417,6653,155,5959,5,0,0
5733,0,206,10274,6260,210,5937,5,0,0
5734,0,285,10302,6091,196,5962,5,0,0
5735,0,293,10792,6048,145,5967,5,0,0
5736,0,226,11243,6339,145,5952,5,0,0
5737,0,193,10649,6896,138,5937,5,0,0
5738,0,193,10517,6460,131,5959,5,0,0
5739,0,179,12234,5657,184,5965,5,0,0
5740,0,241,11864,5812,140,5998,5,0,0
5741,0,180,11937,6495,281,5976,5,0,0
